date,求和项:low,求和项:volume
2001/8/27,5.205,406318
2001/8/28,5.484,129647.79
2001/8/29,5.72,53252.75
2001/8/30,5.704,48013.06
2001/8/31,5.831,23231.48
2001/9/3,5.839,22112.09
2001/9/4,5.844,37006.77
2001/9/5,5.896,26066.95
2001/9/6,5.785,28997.03
2001/9/7,5.649,31552.25
2001/9/10,5.547,18878.89
2001/9/11,5.736,11390.81
2001/9/12,5.593,25045.19
2001/9/13,5.657,10986.68
2001/9/14,5.672,7672.83
2001/9/17,5.625,8983.97
2001/9/18,5.68,10773.26
2001/9/19,5.714,8650.53
2001/9/20,5.783,11173.35
2001/9/21,5.704,7879.72
2001/9/24,5.704,4068.6
2001/9/25,5.712,3488.45
2001/9/26,0,4956.26
2001/9/27,0,8778.04
2001/9/28,0,17088.47
2001/10/8,5.744,6552.17
2001/10/9,5.799,9558.52
2001/10/10,5.709,17548.69
2001/10/11,5.649,12306.84
2001/10/12,5.395,20010.7
2001/10/15,5.53,9755.31
2001/10/16,5.506,8319.91
2001/10/17,0,12507.68
2001/10/18,0,4983.46
2001/10/19,0,15687.54
2001/10/22,0,9760.65
2001/10/23,0,40598.24
2001/10/24,0,40682.39
2001/10/25,0,16036.86
2001/10/26,5.454,9002.2
2001/10/29,5.527,4587.86
2001/10/30,5.533,3484.17
2001/10/31,5.514,4762.47
2001/11/1,5.538,6643.03
2001/11/2,5.571,3435.2
2001/11/5,5.498,3690.76
2001/11/6,5.501,2609.31
2001/11/7,5.356,9325.38
2001/11/8,5.226,7402.16
2001/11/9,5.283,3760.76
2001/11/12,5.311,2683.33
2001/11/13,5.262,2673.81
2001/11/14,5.33,769
2001/11/15,5.308,2193.45
2001/11/16,5.386,9954.7
2001/11/19,5.403,3734.61
2001/11/20,5.53,8069.08
2001/11/21,5.53,5114.42
2001/11/22,5.531,4198.79
2001/11/23,5.511,3960.9
2001/11/26,5.467,3100.99
2001/11/27,5.479,2569.48
2001/11/28,5.53,3773.62
2001/11/29,5.516,3046.18
2001/11/30,5.514,4070.97
2001/12/3,5.6,16037.05
2001/12/4,5.674,6894.99
2001/12/5,5.698,15028.35
2001/12/6,5.672,6372.22
2001/12/7,5.672,3908.2
2001/12/10,5.658,4161.56
2001/12/11,5.642,3580.02
2001/12/12,5.641,4632.67
2001/12/13,5.577,3540.45
2001/12/14,5.549,2841.25
2001/12/17,5.554,4413.89
2001/12/18,5.562,4821.2
2001/12/19,5.646,9620.01
2001/12/20,5.49,11362.23
2001/12/21,5.498,8135.04
2001/12/24,5.674,27250.79
2001/12/25,5.696,12182.6
2001/12/26,5.72,16809.52
2001/12/27,5.85,23284.78
2001/12/28,5.844,12279.32
2001/12/31,5.936,52195.41
2002/1/4,5.934,29109.62
2002/1/7,5.812,18942.95
2002/1/8,5.78,13286.64
2002/1/9,5.76,10606.82
2002/1/10,5.76,18815.55
2002/1/11,5.704,11834.75
2002/1/14,5.614,18718.51
2002/1/15,5.69,18247.41
2002/1/16,5.609,13974.33
2002/1/17,5.498,24180.31
2002/1/18,5.498,32262.08
2002/1/21,5.638,15755.93
2002/1/22,5.672,13485.67
2002/1/23,5.736,23336.48
2002/1/24,5.831,26615.8
2002/1/25,5.831,13941.12
2002/1/28,5.593,21667.82
2002/1/29,5.543,11872
2002/1/30,5.577,8419.22
2002/1/31,5.704,40828.3
2002/2/1,5.847,17345.03
2002/2/4,5.863,16510.19
2002/2/5,5.962,11195.73
2002/2/6,5.877,9668.54
2002/2/7,5.882,6688.17
2002/2/8,5.955,12569.31
2002/2/26,5.934,14815.99
2002/2/27,5.942,8290.81
2002/2/28,5.986,12506.98
2002/3/1,5.894,7421.45
2002/3/4,5.882,5224.85
2002/3/5,5.999,22188.87
2002/3/6,6.024,18620.14
2002/3/7,6.029,13616.02
2002/3/8,6.108,35326.81
2002/3/11,6.191,17606
2002/3/12,6.1,17251.85
2002/3/13,6.051,7793.99
2002/3/14,6.029,6387.74
2002/3/15,5.997,11892.88
2002/3/18,6.005,6070.27
2002/3/19,6.024,6774.04
2002/3/20,6.132,15031.33
2002/3/21,6.126,15037.21
2002/3/22,6.088,7972.76
2002/3/25,6.069,4315.07
2002/3/26,6.04,6239.09
2002/3/27,6.007,4991.01
2002/3/28,6.021,5291.57
2002/3/29,5.878,10625.47
2002/4/1,5.882,2766.05
2002/4/2,5.833,7329.33
2002/4/3,5.834,6019.45
2002/4/4,5.785,5161.43
2002/4/5,5.878,3046.85
2002/4/8,5.855,2300.46
2002/4/9,5.844,3291.57
2002/4/10,5.894,3423.83
2002/4/11,5.928,6797.99
2002/4/12,5.945,4519.28
2002/4/15,5.958,2925.94
2002/4/16,6.002,6036.15
2002/4/17,5.839,13219.28
2002/4/18,5.764,8538.15
2002/4/19,5.687,8854.32
2002/4/22,5.688,4113.65
2002/4/23,5.627,4088.22
2002/4/24,5.571,5050.88
2002/4/25,5.562,2596.76
2002/4/26,5.609,2381.23
2002/4/29,5.736,4665.21
2002/4/30,5.696,5978.47
2002/5/8,5.707,1700.49
2002/5/9,5.704,1712.21
2002/5/10,5.649,2688.5
2002/5/13,5.606,2830.74
2002/5/14,5.579,5070.03
2002/5/15,5.577,2244.3
2002/5/16,5.531,5549.83
2002/5/17,5.506,3859.68
2002/5/20,5.467,3353.69
2002/5/21,5.53,5707
2002/5/22,5.538,2974.06
2002/5/23,5.562,1619.9
2002/5/24,5.495,2407.35
2002/5/27,5.528,1653.26
2002/5/28,5.562,2614.9
2002/5/29,5.492,2684.74
2002/5/30,5.482,1962.25
2002/5/31,5.514,1806.1
2002/6/3,5.468,2290.22
2002/6/4,5.387,1976
2002/6/5,5.403,2224.75
2002/6/6,5.403,5757.4
2002/6/7,5.484,3622.16
2002/6/10,5.468,1832.53
2002/6/11,5.49,1539.2
2002/6/12,5.474,2082.2
2002/6/13,5.527,1623
2002/6/14,5.482,947.11
2002/6/17,5.435,1358.1
2002/6/18,5.497,1636.99
2002/6/19,5.498,833.5
2002/6/20,5.508,1319.2
2002/6/21,5.527,4266.51
2002/6/24,5.863,61254.41
2002/6/26,5.793,15423
2002/6/27,5.799,5581.78
2002/6/28,5.815,10763.73
2002/7/1,5.828,4320
2002/7/2,5.796,3935.07
2002/7/3,5.783,5333.12
2002/7/4,5.704,6669.87
2002/7/5,5.704,6815.67
2002/7/8,5.72,3192.72
2002/7/9,5.709,3523.23
2002/7/10,5.649,4622.79
2002/7/11,5.646,2357.61
2002/7/12,5.672,1588.49
2002/7/15,5.688,1308.58
2002/7/16,5.653,2316.49
2002/7/17,5.649,1342.19
2002/7/18,5.704,5893.89
2002/7/19,5.745,2516.89
2002/7/22,5.756,6103.57
2002/7/23,5.706,2901.58
2002/7/24,5.72,4663.87
2002/7/25,5.69,1700.42
2002/7/26,5.683,1558.24
2002/7/29,5.596,2557.48
2002/7/30,5.578,3445.96
2002/7/31,5.537,2579.85
2002/8/1,5.52,2000.89
2002/8/2,5.502,1253.88
2002/8/5,5.537,1078.12
2002/8/6,5.532,2092.37
2002/8/7,5.555,1355.79
2002/8/8,5.529,1264.6
2002/8/9,5.482,2490.2
2002/8/12,5.422,2250.5
2002/8/13,5.387,1704.13
2002/8/14,5.422,2472.46
2002/8/15,5.449,1259.55
2002/8/16,5.369,2240.98
2002/8/19,5.424,1108.96
2002/8/20,5.42,2372.11
2002/8/21,5.452,1694.51
2002/8/22,5.475,4220.34
2002/8/23,5.52,2431.41
2002/8/26,5.438,2631.49
2002/8/27,5.422,2584.41
2002/8/28,5.405,3765.82
2002/8/29,5.396,2899.37
2002/8/30,5.39,1886.68
2002/9/2,5.378,2341.3
2002/9/3,5.387,2277.01
2002/9/4,5.39,1788.69
2002/9/5,5.369,2893.69
2002/9/6,5.351,1859.62
2002/9/9,5.319,2613.9
2002/9/10,5.224,8057.12
2002/9/11,5.068,9845.29
2002/9/12,5.098,1716.59
2002/9/13,5.125,1071.73
2002/9/16,5.084,3923.51
2002/9/17,5.071,2613.49
2002/9/18,5.091,1616.06
2002/9/19,5.063,3650.15
2002/9/20,5.08,1372.98
2002/9/23,5.032,2121.1
2002/9/24,4.944,7148.54
2002/9/25,4.958,3557.09
2002/9/26,4.963,2168.07
2002/9/27,4.958,1505.45
2002/10/8,4.949,3589.77
2002/10/9,4.887,2458.71
2002/10/10,4.9,1087.67
2002/10/11,4.873,1217.05
2002/10/14,4.876,1095.29
2002/10/15,4.882,2065.94
2002/10/16,4.921,2261.33
2002/10/17,4.873,1564.8
2002/10/18,4.705,4635.33
2002/10/21,4.705,1646.05
2002/10/22,4.767,2105.71
2002/10/23,4.79,1080.78
2002/10/24,4.802,970.6
2002/10/25,4.713,2368.12
2002/10/28,4.589,4471.53
2002/10/29,4.538,3198.69
2002/10/30,4.6,2035.57
2002/10/31,4.607,2817.3
2002/11/1,4.6,1471.19
2002/11/4,4.646,1995.03
2002/11/5,4.698,3485.38
2002/11/6,4.731,1622.65
2002/11/7,4.699,2416.52
2002/11/8,4.6,2717.56
2002/11/11,4.573,1882.82
2002/11/12,4.563,2395.89
2002/11/13,4.549,1953.68
2002/11/14,4.572,1688.32
2002/11/15,4.545,2349.01
2002/11/18,4.572,1947.19
2002/11/19,4.593,3218.19
2002/11/20,4.589,9579.38
2002/11/21,4.581,4019.53
2002/11/22,4.533,2429.25
2002/11/25,4.536,3987.96
2002/11/26,4.554,2054.54
2002/11/27,4.504,3320.91
2002/11/28,4.54,2492.03
2002/12/2,4.593,5850.87
2002/12/3,4.554,3103.85
2002/12/4,4.62,4151
2002/12/5,4.66,13020.18
2002/12/6,4.752,3741.54
2002/12/9,4.731,2902.58
2002/12/10,4.678,2611.98
2002/12/11,4.625,2546.8
2002/12/12,4.63,3989.33
2002/12/13,4.572,2223.1
2002/12/16,4.673,7976.94
2002/12/17,4.735,2926.15
2002/12/18,4.735,2028.53
2002/12/19,4.698,2310.04
2002/12/20,4.717,1624.74
2002/12/23,4.731,1984.55
2002/12/24,4.692,848.16
2002/12/25,4.689,1481.38
2002/12/26,4.538,5145.61
2002/12/27,4.52,3390.21
2002/12/30,4.51,3002.2
2002/12/31,4.51,1644.78
2003/1/2,4.377,3565.3
2003/1/3,4.341,1743.68
2003/1/6,4.343,986.36
2003/1/7,4.361,1450.5
2003/1/8,4.373,1768.02
2003/1/9,4.433,2602.57
2003/1/10,4.48,2346.38
2003/1/13,4.465,1403.8
2003/1/14,4.462,9588.25
2003/1/15,4.676,11451.68
2003/1/16,4.724,7359.08
2003/1/17,4.726,3795.18
2003/1/20,4.653,2070.9
2003/1/21,4.696,4787.44
2003/1/22,4.66,1633.1
2003/1/23,4.66,2167.49
2003/1/24,4.66,2441.19
2003/1/27,4.662,3955.68
2003/1/28,4.728,3494.96
2003/1/29,4.74,3302.19
2003/2/10,4.696,1693.78
2003/2/11,4.674,821.5
2003/2/12,4.696,1477.3
2003/2/13,4.722,2718.32
2003/2/14,4.713,1904.75
2003/2/17,4.699,1567.76
2003/2/18,4.678,1048.19
2003/2/19,4.687,1029.7
2003/2/20,4.705,851.2
2003/2/21,4.643,2268.93
2003/2/24,4.644,615.66
2003/2/25,4.657,1878.59
2003/2/26,4.728,1082.15
2003/2/27,4.708,1697.61
2003/2/28,4.713,1360.45
2003/3/3,4.763,6000.93
2003/3/4,4.795,1909.5
2003/3/5,4.804,9405.01
2003/3/6,4.843,4507.69
2003/3/7,4.82,2475.45
2003/3/10,4.763,3103.4
2003/3/11,4.705,1964.49
2003/3/12,4.713,1177.17
2003/3/13,4.758,1997.58
2003/3/14,4.735,2756.42
2003/3/17,4.694,4692.92
2003/3/18,4.63,3147.9
2003/3/19,4.582,3397.92
2003/3/20,4.589,1968.4
2003/3/21,4.607,2021.07
2003/3/24,4.643,1718.7
2003/3/25,4.589,2062.38
2003/3/26,4.519,3589.51
2003/3/27,4.503,2105.65
2003/3/28,4.609,3810.7
2003/3/31,4.604,3047.3
2003/4/1,4.604,3729.84
2003/4/2,4.63,3713.2
2003/4/3,4.648,5193.67
2003/4/4,4.598,4984.73
2003/4/7,4.536,4462.11
2003/4/8,4.492,6112.87
2003/4/9,4.492,10123.77
2003/4/10,4.54,10789.13
2003/4/11,4.581,29966.84
2003/4/14,4.713,12612.41
2003/4/15,4.715,7797.83
2003/4/16,4.682,17017.15
2003/4/17,4.651,7598.87
2003/4/18,4.669,5339.32
2003/4/21,4.519,11301.53
2003/4/22,4.51,5131.14
2003/4/23,4.432,5816.64
2003/4/24,4.377,9749.38
2003/4/25,4.394,7008.41
2003/4/28,4.341,7845.32
2003/4/29,4.341,9840.93
2003/4/30,4.38,13499.3
2003/5/12,4.421,7351.2
2003/5/13,4.191,15235.4
2003/5/14,4.182,9342.22
2003/5/15,4.217,10417.06
2003/5/16,4.27,9658.05
2003/5/19,4.341,12899.08
2003/5/20,4.368,5148.16
2003/5/21,4.377,3163.58
2003/5/22,4.359,3099.46
2003/5/23,4.341,6889.96
2003/5/26,4.373,9985.01
2003/5/27,4.368,3622.68
2003/5/28,4.412,9617.97
2003/5/29,4.433,5156.02
2003/5/30,4.508,18180.94
2003/6/2,4.573,6258.51
2003/6/3,4.547,5536.65
2003/6/4,4.485,3995.9
2003/6/5,4.51,6798.98
2003/6/6,4.465,3596.33
2003/6/9,4.467,2436.18
2003/6/10,4.49,1628.42
2003/6/11,4.511,3018.25
2003/6/13,4.527,3200.27
2003/6/16,4.481,2012.65
2003/6/17,4.432,2994.3
2003/6/18,4.421,3184.83
2003/6/19,4.386,3260.09
2003/6/20,4.403,1670.9
2003/6/23,4.421,7811.2
2003/6/24,4.483,1694.36
2003/6/25,4.494,4204.7
2003/6/26,4.4,4477.05
2003/6/27,4.412,2719.7
2003/6/30,4.421,3520.14
2003/7/1,4.412,4885.77
2003/7/2,4.43,1336.89
2003/7/3,4.41,2878.67
2003/7/4,4.421,2197.2
2003/7/7,4.394,1669.92
2003/7/8,4.414,2272.32
2003/7/9,4.426,1483.99
2003/7/10,4.435,6288.1
2003/7/11,4.534,5763.71
2003/7/14,4.558,8674.3
2003/7/15,4.633,6660.82
2003/7/16,4.688,7796.19
2003/7/17,4.715,9978.25
2003/7/18,4.619,9629.67
2003/7/21,4.59,7112.48
2003/7/22,4.639,3109.43
2003/7/23,4.637,5592.27
2003/7/24,4.637,1450.51
2003/7/25,4.542,2875.94
2003/7/28,4.558,1885.48
2003/7/29,4.558,1303.78
2003/7/30,4.554,2730.9
2003/7/31,4.503,2249.38
2003/8/1,4.47,3255.83
2003/8/4,4.44,2709.68
2003/8/5,4.47,1930.39
2003/8/6,4.501,2284.44
2003/8/7,4.505,750.57
2003/8/8,4.462,1865.07
2003/8/11,4.442,996.32
2003/8/12,4.47,752.07
2003/8/13,4.499,1802.7
2003/8/14,4.474,1906.5
2003/8/15,4.472,928.4
2003/8/18,4.466,890.3
2003/8/19,4.456,1140.97
2003/8/20,4.44,868.75
2003/8/21,4.126,4551.28
2003/8/22,4.265,3864.67
2003/8/25,4.185,2345.32
2003/8/26,4.185,1001
2003/8/27,4.197,4246.21
2003/8/28,4.23,1446.78
2003/8/29,4.185,2752
2003/9/1,4.197,4951.74
2003/9/2,4.287,7206.37
2003/9/3,4.299,1161.4
2003/9/4,4.295,1244.51
2003/9/5,4.126,5812.04
2003/9/8,4.161,1813.64
2003/9/9,4.126,3562.54
2003/9/10,4.148,2041.5
2003/9/11,4.185,1009.95
2003/9/12,4.153,2803.19
2003/9/15,4.126,2648.87
2003/9/16,4.091,1811.72
2003/9/17,4.126,6788.65
2003/9/18,4.106,1195.68
2003/9/19,4.108,3830.15
2003/9/22,4.089,1186.86
2003/9/23,4.069,955.52
2003/9/24,4.106,2285.21
2003/9/25,4.116,2138.3
2003/9/26,4.128,2654.5
2003/9/29,4.14,1888.06
2003/9/30,4.149,1443.27
2003/10/8,4.126,852.01
2003/10/9,4.148,1135.2
2003/10/10,4.144,1337.1
2003/10/13,4.204,1619.82
2003/10/14,4.21,1792.18
2003/10/15,4.248,1161.27
2003/10/16,4.201,1490.39
2003/10/17,4.185,822.88
2003/10/20,4.187,928.42
2003/10/21,4.197,663.91
2003/10/22,4.214,2163.21
2003/10/23,4.256,2251.61
2003/10/24,4.224,971
2003/10/27,4.149,3655.66
2003/10/28,4.165,2983.28
2003/10/29,4.191,7084.96
2003/10/30,4.285,9309.82
2003/10/31,4.328,5784.62
2003/11/3,4.387,4878.26
2003/11/4,4.47,15387.86
2003/11/5,4.548,17312.26
2003/11/6,4.578,6273.7
2003/11/7,4.46,7497.01
2003/11/10,4.476,2760.93
2003/11/11,4.509,2601.67
2003/11/12,4.519,2960.58
2003/11/13,4.46,2103.93
2003/11/14,4.45,2273.57
2003/11/17,4.495,1711.02
2003/11/18,4.46,2449.93
2003/11/19,4.442,3146.82
2003/11/20,4.48,4987.85
2003/11/21,4.501,1825.92
2003/11/24,4.48,2497.84
2003/11/25,4.509,3349.01
2003/11/26,4.499,3401.95
2003/11/27,4.505,5847.05
2003/11/28,4.489,3104.8
2003/12/1,4.489,8764.73
2003/12/2,4.519,6943.87
2003/12/3,4.554,13572.29
2003/12/4,4.58,8160.32
2003/12/5,4.58,20335.61
2003/12/8,4.633,3532.92
2003/12/9,4.607,3796.46
2003/12/10,4.621,5360.01
2003/12/11,4.619,4640.16
2003/12/12,4.609,1932.25
2003/12/15,4.601,1862.42
2003/12/16,4.558,3332.16
2003/12/17,4.633,8282.65
2003/12/18,4.676,5708.03
2003/12/19,4.678,5827.24
2003/12/22,4.656,6253.96
2003/12/23,4.766,10333.64
2003/12/24,4.817,7043.15
2003/12/25,4.914,7431.41
2003/12/26,4.892,5153.11
2003/12/30,4.874,4138.23
2003/12/31,4.957,5510.77
2004/1/2,4.912,6513.76
2004/1/5,4.931,8539.75
2004/1/6,5.206,9467.36
2004/1/7,5.173,11336.19
2004/1/8,5.281,8607.42
2004/1/9,5.118,8821.59
2004/1/12,5.075,6490.72
2004/1/13,5.265,13421.21
2004/1/14,5.377,25095.74
2004/1/15,5.503,10170.93
2004/1/16,5.501,7407.55
2004/1/29,5.501,5353.72
2004/1/30,5.521,7785.23
2004/2/2,5.56,31304.94
2004/2/3,5.643,8127.68
2004/2/4,5.658,8646.39
2004/2/5,5.521,9256.63
2004/2/6,5.434,12925.87
2004/2/9,5.438,5778.36
2004/2/10,5.446,2891.39
2004/2/11,5.383,4488.03
2004/2/12,5.403,2231.03
2004/2/13,5.415,2531.39
2004/2/16,5.48,4081.51
2004/2/17,5.601,7236.31
2004/2/18,5.548,9703.85
2004/2/19,5.635,6155.35
2004/2/20,5.584,3256.02
2004/2/23,5.485,4234.26
2004/2/24,5.415,8245.4
2004/2/25,5.364,5595.68
2004/2/26,5.344,10313.48
2004/2/27,5.452,4431.37
2004/3/1,5.503,2938.33
2004/3/2,5.54,25187.62
2004/3/3,5.971,24661.23
2004/3/4,5.945,5718.29
2004/3/5,5.953,4117.31
2004/3/8,5.835,6327.55
2004/3/9,5.845,4492.14
2004/3/10,5.839,3116.77
2004/3/11,5.894,6966.95
2004/3/12,6.199,37852.09
2004/3/15,6.366,18985.72
2004/3/16,6.505,30957.61
2004/3/17,6.741,13411.2
2004/3/18,6.818,15703.8
2004/3/19,6.798,14743.95
2004/3/22,6.778,10206.25
2004/3/23,6.59,13909.74
2004/3/24,6.597,13295.74
2004/3/25,6.66,14931.38
2004/3/26,6.513,17415.46
2004/3/29,6.719,11281.75
2004/3/30,6.69,5876.54
2004/3/31,6.794,7310.13
2004/4/1,6.835,8504.21
2004/4/2,6.945,18818.21
2004/4/5,7.132,18631.34
2004/4/6,7.25,7135.67
2004/4/7,7.32,18692.2
2004/4/8,7.607,15913.24
2004/4/9,7.698,34322.8
2004/4/12,7.525,10272.24
2004/4/13,7.584,15524.41
2004/4/14,7.387,15543.83
2004/4/15,7.427,5958.63
2004/4/16,7.348,4497.78
2004/4/19,7.23,5897.01
2004/4/20,7.134,7705.92
2004/4/21,7.112,3994.19
2004/4/22,7.112,8252.44
2004/4/23,7.112,8065.07
2004/4/26,7.152,6603.39
2004/4/27,7.319,20597.48
2004/4/28,7.289,5596.78
2004/4/29,6.975,17383.26
2004/4/30,7.075,12961.66
2004/5/10,6.99,8003.64
2004/5/11,7.024,6734.23
2004/5/12,7.075,8684.46
2004/5/13,7.171,14720.22
2004/5/14,7.23,6028.82
2004/5/17,7.136,3389.03
2004/5/18,6.876,19383.38
2004/5/19,7.083,4800.1
2004/5/20,7.104,2495.3
2004/5/21,7.036,1291
2004/5/24,7.063,1563.03
2004/5/25,7.034,5146.61
2004/5/26,6.998,2776.41
2004/5/27,7.073,3758.69
2004/5/28,7.132,1951.59
2004/6/1,7.244,3637.71
2004/6/2,7.23,2381.3
2004/6/3,7.171,782.44
2004/6/4,7.091,2070.44
2004/6/7,7.063,2453.52
2004/6/8,7.053,3357.16
2004/6/9,7.034,4724.71
2004/6/10,6.69,24414.16
2004/6/11,6.692,9236.77
2004/6/14,6.523,11932.22
2004/6/15,6.366,21484.47
2004/6/16,6.542,6623.43
2004/6/17,6.448,14816.15
2004/6/18,6.326,11670.68
2004/6/21,6.427,1034.22
2004/6/22,6.582,1254.47
2004/6/23,6.484,595.93
2004/6/24,6.519,1241.64
2004/6/25,6.499,3696.81
2004/6/28,6.582,3080.2
2004/6/29,6.641,6890.8
2004/6/30,6.484,4102.81
2004/7/1,6.445,2781.62
2004/7/2,6.798,2873.37
2004/7/5,6.958,5202.29
2004/7/6,7.267,16359.4
2004/7/7,7.138,13244.98
2004/7/8,7.347,2357.99
2004/7/9,7.326,1635.63
2004/7/12,7.241,4328.08
2004/7/13,7.344,6419.32
2004/7/14,7.473,4478.65
2004/7/15,7.618,28186.18
2004/7/16,7.731,5876.64
2004/7/19,7.713,8508.01
2004/7/20,7.736,7868.77
2004/7/21,7.777,7533.75
2004/7/22,7.886,27936.23
2004/7/23,7.834,10551.81
2004/7/26,7.803,6616.89
2004/7/27,7.672,11112.74
2004/7/28,7.427,8846.6
2004/7/29,7.481,3413.64
2004/7/30,7.602,2490.72
2004/8/2,7.602,7327.58
2004/8/3,7.553,7760.1
2004/8/4,7.504,4741.49
2004/8/5,7.551,2169.03
2004/8/6,7.502,2657.17
2004/8/9,7.605,2457.38
2004/8/10,7.641,2609.96
2004/8/11,7.679,1042.78
2004/8/12,7.607,2818.38
2004/8/13,7.654,3719.48
2004/8/16,7.692,1783.29
2004/8/17,7.62,1970.53
2004/8/18,7.705,5510.93
2004/8/19,7.682,5889.62
2004/8/20,7.679,5630.68
2004/8/23,7.512,5733.09
2004/8/24,7.473,2859.89
2004/8/25,7.499,1630.89
2004/8/26,7.525,2161.1
2004/8/27,7.551,1324.9
2004/8/30,7.422,3491.73
2004/8/31,7.448,2413.83
2004/9/1,7.37,3798.03
2004/9/2,7.192,4399.83
2004/9/3,7.241,2729.64
2004/9/6,7.301,2327.13
2004/9/7,7.422,2635.4
2004/9/8,7.478,4696.34
2004/9/9,7.563,10208.81
2004/9/10,7.551,2206.35
2004/9/13,7.473,3242.88
2004/9/14,7.473,6125.94
2004/9/15,7.633,11409.58
2004/9/16,7.989,11471.61
2004/9/17,8.017,13196.89
2004/9/20,8.301,12021.66
2004/9/21,8.27,8374.13
2004/9/22,8.254,4348.12
2004/9/23,8.275,17667.48
2004/9/24,8.659,30981.37
2004/9/27,8.891,6066.63
2004/9/28,8.968,6740.55
2004/9/29,9.123,13628.42
2004/9/30,8.904,7366.47
2004/10/8,9.022,9667.84
2004/10/11,9.419,10197.76
2004/10/12,9.174,7452.22
2004/10/13,9.048,6645.17
2004/10/14,9.066,6479.14
2004/10/15,8.932,5121.54
2004/10/18,8.929,2336.87
2004/10/19,8.942,10583.64
2004/10/20,9.228,15933.84
2004/10/21,9.226,5996.03
2004/10/22,9.535,18161.45
2004/10/25,10.081,15601.78
2004/10/26,9.973,4973.47
2004/10/27,10.133,11878.04
2004/10/28,9.952,9338.2
2004/10/29,9.795,14363.14
2004/11/1,9.927,3673.18
2004/11/2,9.818,3356.02
2004/11/3,9.896,7615.86
2004/11/4,9.834,6785.67
2004/11/5,9.275,25994.09
2004/11/8,9.282,3585.53
2004/11/9,9.522,7314.79
2004/11/10,9.793,11288.62
2004/11/11,9.999,8330.13
2004/11/12,9.862,5667.94
2004/11/15,9.69,8947.76
2004/11/16,9.793,3298.47
2004/11/17,9.715,8032.72
2004/11/18,9.677,2624.16
2004/11/19,9.715,3196.34
2004/11/22,9.561,6429.08
2004/11/23,9.483,6155.9
2004/11/24,9.406,4292.06
2004/11/25,9.383,5924.14
2004/11/26,9.612,1974.01
2004/11/29,9.69,5442.53
2004/11/30,9.535,1618.3
2004/12/1,9.483,784.9
2004/12/2,9.406,3985.28
2004/12/3,9.432,626.24
2004/12/6,9.409,1111.17
2004/12/7,9.409,1899.08
2004/12/8,9.406,10290.83
2004/12/9,9.427,11349.04
2004/12/10,9.44,897.03
2004/12/13,9.432,2208.32
2004/12/14,9.478,1245.44
2004/12/15,9.406,10969.73
2004/12/16,9.354,11500.03
2004/12/17,9.295,1049.03
2004/12/20,8.973,2459.3
2004/12/21,8.932,2198.68
2004/12/22,8.808,3168.54
2004/12/23,9.071,6883.48
2004/12/24,9.019,4469.59
2004/12/27,9.148,1570.84
2004/12/28,9.148,2924.12
2004/12/29,9.45,5654.78
2004/12/30,9.362,3345
2004/12/31,9.298,5869.9
2005/1/4,9.277,2348.81
2005/1/5,9.336,6139.33
2005/1/6,9.406,5523.72
2005/1/7,9.406,3002.74
2005/1/10,9.509,10718.11
2005/1/11,9.844,5003.56
2005/1/12,9.762,3389.03
2005/1/13,9.818,2883.83
2005/1/14,9.715,3338.47
2005/1/17,9.563,1812.39
2005/1/18,9.715,2638.2
2005/1/19,9.767,2652
2005/1/20,9.664,974.05
2005/1/21,9.406,3177.36
2005/1/24,9.71,4173.4
2005/1/25,9.831,5816.65
2005/1/26,10.045,3734.98
2005/1/27,10.073,1021.62
2005/1/28,9.95,1341.23
2005/1/31,9.947,1165.07
2005/2/1,9.965,4002.6
2005/2/2,10.027,5378.17
2005/2/3,10.05,4442.64
2005/2/4,10.05,4008.38
2005/2/16,10.205,4440.63
2005/2/17,9.999,11591.68
2005/2/18,10.014,9595.49
2005/2/21,10.12,10629.98
2005/2/22,10.308,5629.02
2005/2/23,10.349,5647.06
2005/2/24,10.568,9447.26
2005/2/25,10.96,5990.53
2005/2/28,10.999,4483.44
2005/3/1,11.03,5506.09
2005/3/2,10.952,11396.74
2005/3/3,10.875,3429.85
2005/3/4,10.934,4364.96
2005/3/7,11.145,10222.84
2005/3/8,11.419,6585.54
2005/3/9,11.674,4713.03
2005/3/10,11.416,4726.21
2005/3/11,11.519,9362.31
2005/3/14,11.751,10378.97
2005/3/15,12.009,5783.03
2005/3/16,11.841,6829.64
2005/3/17,11.906,5015.69
2005/3/18,11.983,2405.49
2005/3/21,11.854,2701.26
2005/3/22,12.06,12259.2
2005/3/23,12.56,12551.23
2005/3/24,11.983,9162.67
2005/3/25,11.911,2329.46
2005/3/28,12.112,2428.51
2005/3/29,12.37,2448.56
2005/3/30,12.138,2480.4
2005/3/31,12.06,1507.18
2005/4/1,12.37,3410.85
2005/4/4,12.486,5427.51
2005/4/5,12.808,4902.33
2005/4/6,12.779,5674.88
2005/4/7,12.885,12437.52
2005/4/8,12.449,4505.13
2005/4/11,12.292,9126.19
2005/4/12,12.202,1994.91
2005/4/13,12.37,8689.12
2005/4/14,12.395,1914.6
2005/4/15,12.498,1635.59
2005/4/18,12.246,2957.45
2005/4/19,11.957,7807.95
2005/4/20,11.937,5357.62
2005/4/21,11.983,2808.96
2005/4/22,12.344,3520.43
2005/4/25,12.527,12704.37
2005/4/26,13.349,13609.23
2005/4/27,13.351,7472.7
2005/4/28,13.46,8521.21
2005/4/29,13.403,6825.03
2005/5/9,13.223,7655.75
2005/5/10,12.833,6446.94
2005/5/11,12.679,6784.91
2005/5/12,12.382,14250.51
2005/5/13,12.367,15076.69
2005/5/16,12.416,2596.41
2005/5/17,12.601,7724.52
2005/5/18,11.988,9678.09
2005/5/19,12.125,5123.32
2005/5/20,12.63,5845.02
2005/5/23,12.37,2614.57
2005/5/24,12.385,1379.17
2005/5/25,12.266,3208.33
2005/5/26,11.803,10634.27
2005/5/27,11.377,15949.79
2005/5/30,11.161,9034.73
2005/5/31,11.411,11879.76
2005/6/1,11.223,8658.43
2005/6/2,10.437,25297.74
2005/6/3,10.21,7146.69
2005/6/6,10.651,4213.56
2005/6/7,11.509,5989.46
2005/6/8,11.545,11039.1
2005/6/9,12.37,7770
2005/6/10,12.009,4165.09
2005/6/13,11.996,7069.73
2005/6/14,12.112,7271.49
2005/6/15,12.138,1596.77
2005/6/16,12.241,5931.53
2005/6/17,12.272,3262.99
2005/6/20,12.498,12368.89
2005/6/21,13.029,2597.92
2005/6/22,13.089,6121.74
2005/6/23,13.32,5276.45
2005/6/24,12.653,6150.49
2005/6/27,13.503,10824.23
2005/6/28,13.663,3766.36
2005/6/30,13.658,12778.17
2005/7/1,13.197,6104.31
2005/7/4,13.277,3018.51
2005/7/5,13.287,2248.38
2005/7/6,12.885,6316.76
2005/7/7,12.797,5785.32
2005/7/8,12.926,6930.76
2005/7/11,13.339,6562.77
2005/7/12,13.205,5712.43
2005/7/13,13.014,3857.96
2005/7/14,13.393,2012.66
2005/7/15,13.532,1002.9
2005/7/18,13.545,1564.07
2005/7/19,13.555,1325.4
2005/7/20,13.38,3012.29
2005/7/21,13.22,2536.82
2005/7/22,13.292,6095.96
2005/7/25,13.163,6961.89
2005/7/26,13.143,8008.24
2005/7/27,13.4,5369.82
2005/7/28,13.537,8592.52
2005/7/29,13.658,2425.18
2005/8/1,13.658,3840.3
2005/8/2,13.594,4262.87
2005/8/3,13.658,8184.21
2005/8/4,13.836,10560.44
2005/8/5,14.356,6365.16
2005/8/8,13.982,8545.55
2005/8/9,14.079,5841.98
2005/8/10,14.082,5800.27
2005/8/11,14.36,13593.6
2005/8/12,14.472,4715.45
2005/8/15,14.356,7020.4
2005/8/16,14.65,5751.51
2005/8/17,14.513,12506.74
2005/8/18,14.669,10989.09
2005/8/19,14.569,4972.71
2005/8/22,14.513,6929.87
2005/8/23,14.731,4786
2005/8/24,14.843,3214.12
2005/8/25,14.856,3540.08
2005/8/26,14.89,4582.41
2005/8/29,15.106,5128.3
2005/8/30,15.012,2453.26
2005/8/31,14.984,2394.34
2005/9/1,15.218,5487.26
2005/9/2,15.542,4998.16
2005/9/5,15.761,3910.58
2005/9/6,15.605,3194.83
2005/9/7,15.608,5186.27
2005/9/8,15.514,6307.52
2005/9/9,15.293,4254.47
2005/9/12,15.24,1595.47
2005/9/13,15.386,4901.15
2005/9/14,15.636,3299.47
2005/9/15,15.717,1740.66
2005/9/16,15.802,3217.33
2005/9/19,15.723,2040.25
2005/9/20,15.667,1795.22
2005/9/21,15.446,2949.27
2005/9/22,15.037,3358.26
2005/9/23,15.09,3064.46
2005/9/26,15.137,1766.6
2005/9/27,15.028,1709.21
2005/9/28,14.987,2336.95
2005/9/29,15.233,2084.96
2005/9/30,15.137,3324.15
2005/10/10,15.168,2647.95
2005/10/11,15.049,1359.09
2005/10/12,14.8,8327.95
2005/10/13,14.581,10907.53
2005/10/14,14.138,4942.58
2005/10/17,14.01,9468.38
2005/10/18,14.263,9642.18
2005/10/19,14.503,7924.51
2005/10/20,14.372,5721.62
2005/10/21,14.356,3395.38
2005/10/24,14.419,4444.67
2005/10/25,14.762,11594.86
2005/10/26,14.762,9635.79
2005/10/27,14.528,9748.15
2005/10/28,14.662,6982.31
2005/10/31,14.703,6685.72
2005/11/1,14.925,8542.88
2005/11/2,14.85,2766.09
2005/11/3,14.731,2539.7
2005/11/4,14.478,4895.62
2005/11/7,14.481,2475.17
2005/11/8,14.625,6077.3
2005/11/9,14.516,6020.73
2005/11/10,14.406,3950.13
2005/11/11,14.353,2926.91
2005/11/14,14.216,2162.89
2005/11/15,14.169,7767.6
2005/11/16,14.044,7248.56
2005/11/17,13.48,11008.02
2005/11/18,13.735,6941.23
2005/11/21,13.982,4575.17
2005/11/22,13.888,3538.81
2005/11/23,14.232,1371.41
2005/11/24,14.044,10882.95
2005/11/25,14.007,3913.87
2005/11/28,13.888,1523.78
2005/11/29,13.42,2488.8
2005/11/30,13.389,6508.2
2005/12/1,13.486,5354.24
2005/12/2,13.514,9633.83
2005/12/5,13.62,2757.43
2005/12/6,13.576,14916.67
2005/12/7,13.576,4309.98
2005/12/8,13.586,3657.78
2005/12/9,13.358,15462.06
2005/12/12,12.999,15102.2
2005/12/13,12.64,20414.41
2005/12/14,12.805,17975.93
2005/12/15,13.111,5934.65
2005/12/16,13.264,6670.61
2005/12/19,13.498,4702.67
2005/12/20,13.42,4540.42
2005/12/21,13.333,4959.17
2005/12/22,13.267,3340.67
2005/12/23,13.389,6291.83
2005/12/26,13.67,6992.35
2005/12/27,13.773,7290.17
2005/12/28,13.969,6250.35
2005/12/29,14.2,15674.35
2005/12/30,14.013,36647.56
2006/1/4,13.767,35507.13
2006/1/5,13.77,16992.3
2006/1/6,13.842,17162.3
2006/1/9,14.138,20770.8
2006/1/10,14.522,17456.82
2006/1/11,14.516,8315.15
2006/1/12,14.388,9989.72
2006/1/13,14.513,9936.88
2006/1/16,14.516,7730.84
2006/1/17,14.294,13824.7
2006/1/18,14.356,9706.85
2006/1/19,14.285,7283.03
2006/1/20,14.157,14216.37
2006/1/23,14.013,13286.42
2006/1/24,14.044,11452.89
2006/1/25,14.144,15730.73
2006/2/6,14.513,15691.41
2006/2/7,14.715,28665.81
2006/2/8,15.255,22264.37
2006/2/9,15.074,7770.3
2006/2/10,15.006,31873.95
2006/2/13,18.033,16966
2006/2/15,17.727,28996.55
2006/2/16,17.883,18977.5
2006/2/17,18.139,8907.82
2006/2/20,17.534,10843.98
2006/2/21,17.752,10239
2006/2/22,18.102,10335.1
2006/2/23,18.192,11730.27
2006/4/17,21.379,238.1
2006/4/18,23.517,324.44
2006/4/19,25.617,43967.51
2006/4/20,24.983,55615.01
2006/4/21,25.907,31886.09
2006/4/24,27.246,36248.98
2006/4/25,27.343,39704.65
2006/5/25,24.173,198116.97
2006/5/26,23.907,91801.96
2006/5/29,25.379,80683.62
2006/5/30,28.938,138758.54
2006/5/31,29.744,151731.03
2006/6/1,29.808,90331.67
2006/6/2,29.566,73104.73
2006/6/5,27.79,68747.56
2006/6/6,27.282,56641.97
2006/6/7,26.458,71001.13
2006/6/8,26.02,58454.35
2006/6/9,26.331,58410.82
2006/6/12,26.331,71344.49
2006/6/13,28.602,74829.48
2006/6/14,27.6,62233.84
2006/6/15,29.122,51311.47
2006/6/16,29.313,40080.29
2006/6/19,28.995,76305.89
2006/6/20,30.271,37608.92
2006/6/21,29.662,36323.94
2006/6/22,29.63,23653.79
2006/6/23,29.376,27924.08
2006/6/26,29.63,47869.59
2006/6/27,30.34,51466.17
2006/6/28,30.201,26800.57
2006/6/29,30.201,37191.05
2006/6/30,29.693,39032.78
2006/7/3,29.427,48287.74
2006/7/4,28.964,52506.66
2006/7/5,29.313,15572.63
2006/7/6,29.249,22055.6
2006/7/7,29.129,28023.63
2006/7/10,28.456,27697.75
2006/7/11,28.297,27214.09
2006/7/12,27.631,33125.13
2006/7/13,27.46,39424.2
2006/7/14,27.676,18343.74
2006/7/17,27.822,25684.18
2006/7/18,27.936,15392.32
2006/7/19,27.219,31326.98
2006/7/20,27.206,19372.01
2006/7/21,27.923,10759.71
2006/7/24,27.79,40525.41
2006/7/25,28.995,32542.13
2006/7/26,29.091,17404.3
2006/7/27,29.059,24515.14
2006/7/28,28.71,22886.46
2006/7/31,27.917,15948.07
2006/8/1,27.853,13168.38
2006/8/2,27.841,8860.22
2006/8/3,27.092,16655.48
2006/8/4,26.648,14793.41
2006/8/7,26.064,14142.35
2006/8/8,26.648,7771.76
2006/8/9,27.282,10288.41
2006/8/10,27.822,13105.61
2006/8/11,27.949,7247.13
2006/8/14,27.409,11173.66
2006/8/15,27.6,6398.25
2006/8/16,27.917,8998.88
2006/8/17,27.53,10929.65
2006/8/18,27.638,3381.23
2006/8/21,27.187,7293.21
2006/8/22,27.917,11108.75
2006/8/23,27.79,21056.23
2006/8/24,27.841,12574.07
2006/8/25,27.79,7474.87
2006/8/28,27.536,25572.59
2006/8/29,27.891,37854.4
2006/8/30,28.424,9692.92
2006/8/31,28.424,12358.48
2006/9/1,28.475,10873.94
2006/9/4,28.412,5903.76
2006/9/5,28.437,12354.76
2006/9/6,28.424,11380.69
2006/9/7,28.164,10518.62
2006/9/8,28.018,5890.62
2006/9/11,27.847,8302.99
2006/9/12,27.726,19393.05
2006/9/13,27.803,18421.46
2006/9/14,27.409,63366.87
2006/9/15,28.615,29243.97
2006/9/18,28.729,34084.76
2006/9/19,28.837,29992.52
2006/9/20,29.237,22442.46
2006/9/21,29.693,16312.83
2006/9/22,29.249,12425.97
2006/9/25,29.408,10475.25
2006/9/26,29.16,11789.72
2006/9/27,28.97,8052.18
2006/9/28,29.008,16779.2
2006/9/29,29.503,22756.22
2006/10/9,30.461,37970.12
2006/10/10,32.041,24124.48
2006/10/11,31.406,12117.97
2006/10/12,31.14,14286.89
2006/10/13,30.905,14898.03
2006/10/16,29.693,38076.75
2006/10/17,29.725,15370.44
2006/10/18,30.137,23878.83
2006/10/19,31.102,16611.15
2006/10/20,31.451,12095.4
2006/10/23,31.216,38998.75
2006/10/24,32.231,26709.12
2006/10/25,33.119,47476.08
2006/10/26,34.262,20428.5
2006/10/27,34.198,14791.45
2006/10/30,33.817,12369.43
2006/10/31,33.887,11266.83
2006/11/1,33.614,12762.04
2006/11/2,33.221,23319
2006/11/3,34.071,13876.4
2006/11/6,34.262,26740.04
2006/11/7,35.213,21326.45
2006/11/8,34.896,25348.3
2006/11/9,35.607,15962.43
2006/11/10,35.911,33153.29
2006/11/13,35.467,28315.49
2006/11/14,35.943,31306.77
2006/11/15,37.815,34033.76
2006/11/16,39.242,48628.57
2006/11/17,39.972,38341.46
2006/11/20,40.308,27060.49
2006/11/21,39.337,30241.21
2006/11/22,39.248,28900.47
2006/11/23,39.978,12547.85
2006/11/24,39.591,23495.89
2006/11/27,40.473,16498.49
2006/11/28,39.845,28322.41
2006/11/29,38.658,26754.01
2006/11/30,41.069,21012.03
2006/12/1,42.986,40414.69
2006/12/4,43.017,26886.58
2006/12/5,43.652,38117.83
2006/12/6,42.446,37493
2006/12/7,43.468,21855.38
2006/12/8,43.144,22068.89
2006/12/11,43.208,26754.3
2006/12/12,45.301,11767.03
2006/12/13,44.832,33416.53
2006/12/14,45.238,37628.24
2006/12/15,48.239,23697.3
2006/12/18,50.111,35238.29
2006/12/19,53.22,38038.16
2006/12/20,52.985,25195.9
2006/12/21,52.344,30301.46
2006/12/22,50.745,30439.46
2006/12/25,51.43,24954.41
2006/12/27,53.423,19853.02
2006/12/28,52.978,29281.05
2006/12/29,53.651,82975.49
2007/1/4,54.247,44664.67
2007/1/5,52.852,27805.01
2007/1/8,53.22,48923.59
2007/1/9,53.676,28300.01
2007/1/10,55.58,28239.4
2007/1/11,56.151,37482.8
2007/1/12,57.103,36402.08
2007/1/15,61.576,30670.52
2007/1/16,61.087,35039.7
2007/1/17,60.922,25916.04
2007/1/18,61.544,30645.35
2007/1/19,66.759,22255.51
2007/1/22,69.792,25521.22
2007/1/23,66.049,41782.8
2007/1/24,66.937,19404.22
2007/1/25,67.444,44848.15
2007/1/26,62.178,35845.7
2007/1/29,67.317,18560.36
2007/1/30,67.559,26561.09
2007/1/31,64.716,33267.84
2007/2/1,63.13,25909.75
2007/2/2,63.447,14988.8
2007/2/5,61.366,19837.99
2007/2/6,56.785,39522.56
2007/2/7,60.281,17976.22
2007/2/8,59.323,18373.14
2007/2/9,59.006,12262.17
2007/2/12,59.133,12511.33
2007/2/13,61.544,18767.1
2007/2/14,62.178,15614.47
2007/2/15,63.454,16805.18
2007/2/16,63.168,25071.62
2007/2/26,60.916,15321.46
2007/2/27,55.402,31866.95
2007/3/1,58.93,44582.45
2007/3/2,60.884,34770.66
2007/3/5,60.148,21805.01
2007/3/6,59.006,24350.58
2007/3/7,63.454,26425.34
2007/3/8,62.876,13807.63
2007/3/9,62.876,16185.95
2007/3/12,62.578,19443.99
2007/3/13,60.922,19080.52
2007/3/14,60.465,21600.27
2007/3/15,60.275,20973.19
2007/3/16,60.338,14634.93
2007/3/19,60.148,25951.61
2007/3/20,59.926,21187.52
2007/3/21,58.13,28289.56
2007/3/22,58.371,31397.02
2007/3/23,58.498,30279.38
2007/3/26,59.45,22656.2
2007/3/27,58.276,37197.64
2007/3/28,57.737,34926.36
2007/3/29,58.549,49415.37
2007/3/30,59.133,30985.07
2007/4/2,58.308,28257.19
2007/4/3,58.441,42800.91
2007/4/4,60.269,40807.26
2007/4/5,60.097,37460.14
2007/4/6,59.323,27615.36
2007/4/9,58.942,62834.18
2007/4/10,59.704,63046.82
2007/4/11,58.942,53828.25
2007/4/12,58.993,76458.57
2007/4/13,61.544,84783.18
2007/4/16,63.764,37812.42
2007/4/17,61.544,44618.85
2007/4/18,60.592,48780.84
2007/4/19,57.991,39881.71
2007/4/20,58.942,41516.94
2007/4/23,59.006,47486.75
2007/4/24,59.329,39478.57
2007/4/25,59.387,37822.34
2007/4/26,60.275,33698.28
2007/4/27,59.399,26474.91
2007/4/30,58.72,43557.29
2007/5/8,60.611,46026.97
2007/5/9,57.039,151776.6
2007/5/14,58.486,131870.45
2007/5/15,57.648,71037.92
2007/5/16,57.547,50432.88
2007/5/17,59.215,95181.6
2007/5/18,61.544,51836.91
2007/5/21,59.723,41508.22
2007/5/22,59.761,59901.95
2007/5/23,60.046,40338.9
2007/5/24,61.315,55798.95
2007/5/25,63.466,83105.33
2007/5/28,67.559,55511.05
2007/5/29,68.713,42945.11
2007/5/30,63.32,72906.54
2007/6/1,68.65,69666.5
2007/6/4,65.668,56949.06
2007/6/5,60.319,52948.78
2007/6/6,64.735,31384.34
2007/6/7,66.099,53370.84
2007/6/8,66.62,35819.08
2007/6/11,67.863,54095.46
2007/6/12,73.002,44190.28
2007/6/13,74.868,38683.78
2007/6/14,75.052,34881.1
2007/6/15,78.548,14897.86
2007/6/18,79.379,21722.21
2007/6/19,77.406,27946.84
2007/6/20,76.898,19170.26
2007/6/21,76.771,19401.41
2007/6/22,75.502,17853.37
2007/6/25,75.185,32756.57
2007/6/26,73.326,12271.69
2007/6/27,75.629,23766.47
2007/6/28,77.107,26212.17
2007/6/29,74.963,15499.39
2007/7/2,72.964,19600.22
2007/7/3,73.599,11009.03
2007/7/4,73.732,11556.94
2007/7/5,71.765,17043.63
2007/7/6,72.076,15596.04
2007/7/9,74.55,11643.44
2007/7/10,74.233,9793.7
2007/7/11,72.837,12129.96
2007/7/12,72.26,14739.14
2007/7/13,72.73,9166.86
2007/7/16,71.013,10747.33
2007/7/17,69.78,15065.88
2007/7/18,71.504,11356.86
2007/7/19,73.419,14746.77
2007/7/20,74.696,14294.46
2007/7/23,76.012,19092.84
2007/7/24,78.463,13103.79
2007/7/25,77.569,15241.67
2007/7/26,78.016,13053.04
2007/7/27,75.98,16312.15
2007/7/30,76.107,27876.99
2007/7/31,78.667,27165.92
2007/8/1,79.81,19966.05
2007/8/2,80.761,20521.29
2007/8/3,82.779,34106.98
2007/8/6,86.839,17469.92
2007/8/7,87.12,23874.26
2007/8/8,86.667,12945.06
2007/8/9,89.38,15475.05
2007/8/10,88.742,23841.76
2007/8/13,85.141,19140.59
2007/8/14,85.69,16144.46
2007/8/15,85.869,23519.53
2007/8/16,83.954,21306.3
2007/8/17,85.875,24164.37
2007/8/20,87.529,18751.35
2007/8/21,91.628,18810.98
2007/8/22,92.892,26195.15
2007/8/23,98.318,19263.67
2007/8/24,99.595,20630.17
2007/8/27,98.957,20822.82
2007/8/28,97.744,17205.5
2007/8/29,97.041,11997.01
2007/8/30,97.967,9194.87
2007/8/31,98.318,10007.4
2007/9/3,101.83,18749.14
2007/9/5,94.858,22879.69
2007/9/6,95.062,27525.58
2007/9/7,91.87,33011.69
2007/9/10,89.54,40802.08
2007/9/11,90.657,25866.08
2007/9/12,89.591,12191.84
2007/9/13,90.019,21165.7
2007/9/14,90.485,36625.8
2007/9/17,93.058,38819.24
2007/9/18,92.496,14836.66
2007/9/19,89.233,29013.21
2007/9/20,90.478,12903.05
2007/9/21,90.529,12787.93
2007/9/24,89.706,31704.62
2007/9/25,88.474,30249.82
2007/9/26,88.748,30959.59
2007/9/27,91.008,12714.7
2007/9/28,92.904,26937.13
2007/10/8,93.849,23392.8
2007/10/9,93.53,37710.99
2007/10/10,100.234,22651.11
2007/10/11,105.022,30558.29
2007/10/12,107.256,26009.08
2007/10/15,112.428,20908.12
2007/10/16,115.632,21093.53
2007/10/17,115.556,14707.72
2007/10/18,111.087,19954.08
2007/10/19,112.683,17728.68
2007/10/22,112.045,7797.37
2007/10/23,117.024,22290.93
2007/10/24,108.022,25469.44
2007/10/25,118.748,20353.28
2007/10/26,118.186,20010.33
2007/10/29,120.587,11073.61
2007/10/30,117.043,12564.86
2007/10/31,119.904,10814.22
2007/11/1,117.407,9620.49
2007/11/2,113.641,13835.8
2007/11/5,114.917,5279.3
2007/11/6,114.969,2459.19
2007/11/7,113.258,9085.71
2007/11/8,109.816,5723.11
2007/11/9,108.852,5126.65
2007/11/12,106.937,15224.22
2007/11/13,109.81,23911.44
2007/11/14,113.5,11164.03
2007/11/15,116.96,10557.82
2007/11/16,114.483,3715.66
2007/11/19,113.385,5397.34
2007/11/20,116.194,9472.92
2007/11/21,116.501,12411
2007/11/22,113.494,7726.89
2007/11/23,110.129,7692.24
2007/11/26,111.725,8656.49
2007/11/27,112.683,11036.38
2007/11/28,109.81,11406
2007/11/29,110.116,18463.21
2007/11/30,110.448,14272.92
2007/12/3,110.129,8515.64
2007/12/4,111.406,9009.89
2007/12/5,112.747,9929.85
2007/12/6,115.875,5273.99
2007/12/7,118.039,11615.19
2007/12/11,126.728,29702.27
2007/12/12,127.661,25281.87
2007/12/13,125.771,17437.49
2007/12/14,125.79,16003.46
2007/12/17,132.155,17451.32
2007/12/18,126.416,18507.65
2007/12/19,125.764,13933.65
2007/12/20,127.718,6903.41
2007/12/21,130.24,9515.87
2007/12/24,133.419,21203.79
2007/12/25,133.675,17156.78
2007/12/26,137.294,14593.84
2007/12/27,138.667,21906.98
2007/12/28,139.031,26627.99
2008/1/2,141.093,19085.75
2008/1/3,135.207,29799.46
2008/1/4,132.793,33303.68
2008/1/7,134.045,30409.17
2008/1/8,133.177,32218.28
2008/1/9,135.271,12009.6
2008/1/10,136.241,20826.64
2008/1/11,135.347,19811.08
2008/1/14,139.497,42925.07
2008/1/15,143.264,21303.22
2008/1/16,141.731,22419.08
2008/1/17,137.901,31613.52
2008/1/18,135.986,20416.94
2008/1/21,132.155,24986.81
2008/1/22,128.324,44908.66
2008/1/23,135.756,23146.33
2008/1/24,138.539,18485.56
2008/1/25,137.901,17993.11
2008/1/28,133.368,14170.41
2008/1/29,135.986,10107.03
2008/1/30,131.644,29331.97
2008/1/31,131.517,13904.99
2008/2/1,126.984,21466.95
2008/2/4,130.24,29546.33
2008/2/5,132.793,8478.3
2008/2/13,128.963,4971.72
2008/2/14,129.027,7556.16
2008/2/15,126.409,12811.1
2008/2/18,128.835,12576.82
2008/2/19,129.601,7287.33
2008/2/20,130.974,9701.39
2008/2/21,130.751,12204.08
2008/2/22,125.771,19421.93
2008/2/25,125.132,11217.79
2008/2/26,118.684,35143.23
2008/2/27,116.96,12116.16
2008/2/28,120.038,7226.37
2008/2/29,120.089,7114.4
2008/3/3,130.304,17783.17
2008/3/4,138.571,37898.26
2008/3/5,138.859,14038.69
2008/3/6,138.412,8197.36
2008/3/7,133.496,14896.27
2008/3/10,132.283,10672.85
2008/3/11,131.549,11377.28
2008/3/12,133.023,6119.6
2008/3/13,121.966,16690.09
2008/3/14,130.233,11858.08
2008/3/17,126.728,17189.18
2008/3/18,118.748,30224.86
2008/3/19,120.095,18579.29
2008/3/20,114.598,14755.99
2008/3/21,122.068,3999.04
2008/3/24,121.046,9356.77
2008/3/25,118.748,11287.82
2008/3/26,116.833,4475.11
2008/3/27,115.492,18924.65
2008/3/28,114.917,6716.2
2008/3/31,116.833,15021.08
2008/4/1,116.194,13679
2008/4/2,109.816,16431.03
2008/4/3,111.725,13419.76
2008/4/7,111.725,21968.69
2008/4/8,116.194,13058.19
2008/4/9,116.737,12507.13
2008/4/10,112.3,20409.77
2008/4/11,111.725,23957.73
2008/4/14,107.052,21684.37
2008/4/15,103.106,20148.4
2008/4/16,104.741,15638.77
2008/4/17,106.043,10401.05
2008/4/18,104.703,13767.97
2008/4/21,105.992,14522.56
2008/4/22,98.957,22129.42
2008/4/23,100.234,12669.88
2008/4/24,113.002,39321.87
2008/4/25,113.513,23845.07
2008/4/28,108.642,12772.32
2008/4/29,109.816,6149.26
2008/4/30,112.785,11883.27
2008/5/5,116.118,8089.73
2008/5/6,113.692,8487.61
2008/5/7,112.032,7353.75
2008/5/8,109.172,8860.66
2008/5/9,112.051,5774.01
2008/5/12,110.321,9206.33
2008/5/13,111.853,5145.06
2008/5/14,113.079,6008.44
2008/5/15,114.279,14690.44
2008/5/16,116.226,4673.32
2008/5/19,114.317,3828.32
2008/5/20,110.448,9927.35
2008/5/21,108.533,19542.96
2008/5/22,107.537,7536.39
2008/5/23,108.533,12891.14
2008/5/26,108.533,7354.52
2008/5/27,108.278,15455.89
2008/5/29,106.777,9431.31
2008/5/30,106.624,5203.08
2008/6/2,104.703,8423.12
2008/6/3,108.22,6577.03
2008/6/4,107.058,6770.3
2008/6/5,105.149,3922.05
2008/6/6,102.794,7814.69
2008/6/10,99.665,12715.58
2008/6/11,98.318,9126.31
2008/6/12,94.105,13789.9
2008/6/13,94.558,6186.34
2008/6/16,92.744,10219.54
2008/6/17,89.963,17474.15
2008/6/18,89.623,17592.4
2008/6/19,89.893,6970.38
2008/6/20,89.373,14177.52
2008/6/23,86.047,15406.15
2008/6/24,82.188,22052.73
2008/6/25,86.047,12782.54
2008/6/26,91.498,7753.52
2008/6/27,89.257,16260.46
2008/6/30,88.037,8497.92
2008/7/1,87.324,7677.65
2008/7/2,86.689,6045.8
2008/7/3,86.31,7895.1
2008/7/4,89.27,3982.05
2008/7/7,89.893,12514.57
2008/7/8,91.979,13648.36
2008/7/9,92.788,10183.03
2008/7/10,92.654,7170.03
2008/7/11,92.461,3016.77
2008/7/14,92.333,5258.11
2008/7/15,92.981,5735.25
2008/7/16,91.819,9010.48
2008/7/17,94.837,18015.51
2008/7/18,97.919,9219.66
2008/7/21,100.166,8192.27
2008/7/22,101.45,4276.27
2008/7/23,99.537,4524.93
2008/7/24,101.001,4446.81
2008/7/25,101.848,5279.51
2008/7/28,103.698,2562.85
2008/7/29,101.778,3594.19
2008/7/30,102.092,3499.29
2008/7/31,101.784,4751.42
2008/8/1,100.603,3235.71
2008/8/4,100.68,2850.52
2008/8/5,100.166,2363.38
2008/8/6,99.877,3302.57
2008/8/7,97.919,4279.44
2008/8/8,96.827,6116.98
2008/8/11,93.745,7999.41
2008/8/12,91.89,4530.5
2008/8/13,93.938,6373.25
2008/8/14,94.175,12970.55
2008/8/15,95.094,5540.96
2008/8/18,93.874,3339.25
2008/8/19,91.235,6270.08
2008/8/20,91.87,7250.41
2008/8/21,93.109,5143.22
2008/8/22,92.564,2911.23
2008/8/25,91.511,4776.13
2008/8/26,89.122,4704.71
2008/8/27,86.663,4538.88
2008/8/28,87.324,9633.5
2008/8/29,87.324,9172.11
2008/9/1,87.01,13856.44
2008/9/2,82.085,26629.45
2008/9/3,80.704,35456.36
2008/9/4,81.295,8055.84
2008/9/5,80.968,8606.8
2008/9/8,82.772,8048.67
2008/9/9,82.855,4145.08
2008/9/10,84.435,6603.79
2008/9/11,84.756,4657
2008/9/12,84.955,6201.63
2008/9/16,82.842,13757.74
2008/9/17,82.059,8523.72
2008/9/18,75.882,30581.71
2008/9/19,83.472,46747.12
2008/9/22,85.225,56486.53
2008/9/23,77.083,34955.94
2008/9/24,73.956,14197.94
2008/9/25,81.224,15069.91
2008/9/26,83.414,13689.66
2008/10/6,80.261,6101.71
2008/10/7,77.712,9957.24
2008/10/8,77.134,10344.1
2008/10/9,75.446,8767.21
2008/10/10,70.701,13547.16
2008/10/13,65.622,22093.22
2008/10/14,68.357,11843.98
2008/10/15,65.814,8842.36
2008/10/16,63.567,15061.36
2008/10/17,60.742,28812.43
2008/10/20,60.035,30447.62
2008/10/21,60.678,13081.8
2008/10/22,59.637,19006.44
2008/10/23,60.356,14654.93
2008/10/24,60.999,8975.61
2008/10/27,57.852,27743.07
2008/10/28,56.51,13995.19
2008/10/29,59.104,12226.83
2008/10/30,59.978,10157.16
2008/10/31,59.111,8705.73
2008/11/3,58.443,6306.17
2008/11/4,57.563,11076.6
2008/11/5,57.782,11655.66
2008/11/6,57.852,5997.39
2008/11/7,54.064,35067.14
2008/11/10,55.22,40708.07
2008/11/11,56.106,27104.01
2008/11/12,54.321,18400.88
2008/11/13,54.584,35135.08
2008/11/14,57.827,47308.06
2008/11/17,62.925,25905.85
2008/11/18,60.421,30088.89
2008/11/19,61.448,16987.48
2008/11/20,63.137,15678.03
2008/11/21,61.422,23917.62
2008/11/24,63.888,9402.07
2008/11/25,62.707,9873.35
2008/11/26,63.329,7340.47
2008/11/27,65.204,26771.8
2008/11/28,64.37,12218.04
2008/12/1,64.235,7883.28
2008/12/2,64.883,14885.14
2008/12/3,67.419,14369.95
2008/12/4,70.309,26330.55
2008/12/5,71.567,18384.62
2008/12/8,73.937,17429.92
2008/12/9,73.712,13013.35
2008/12/10,73.731,13495.02
2008/12/11,74.482,20158.09
2008/12/12,71.176,16314.45
2008/12/15,71.908,14007.71
2008/12/16,71.169,12367.38
2008/12/17,73.327,10013.62
2008/12/18,74.232,11770.63
2008/12/19,74.482,10621.97
2008/12/22,74.033,9028.42
2008/12/23,71.214,18271.66
2008/12/24,70.502,7877.63
2008/12/25,69.988,9028.53
2008/12/26,70.116,8944.6
2008/12/29,67.522,30028.56
2008/12/30,68.704,21829.96
2008/12/31,69.025,18313.13
2009/1/5,68.704,13505.5
2009/1/6,67.599,38154.08
2009/1/7,68.511,15238.02
2009/1/8,66.906,18634.67
2009/1/9,68.704,11800.16
2009/1/12,67.843,16667.9
2009/1/13,65.185,18099.11
2009/1/14,63.939,32003.7
2009/1/15,64.081,29820.65
2009/1/16,64.132,94599.55
2009/1/19,65.301,48562.93
2009/1/20,64.183,49104.05
2009/1/21,63.567,60526.48
2009/1/22,64.145,21293.44
2009/1/23,64.53,32742.52
2009/2/2,64.209,30887.26
2009/2/3,64.254,48126.65
2009/2/4,66.906,42878.9
2009/2/5,68.062,38231.58
2009/2/6,68.717,39661.41
2009/2/9,72.229,45435.59
2009/2/10,73.198,27613.49
2009/2/11,73.198,40386.56
2009/2/12,76.094,54470.34
2009/2/13,77.057,24920.19
2009/2/16,77.757,27256.48
2009/2/17,79.491,56525.41
2009/2/18,77.616,45581.28
2009/2/19,77.372,24677.79
2009/2/20,78.329,33924.22
2009/2/23,79.266,19442.78
2009/2/24,81.321,36936.33
2009/2/25,78.977,26917.96
2009/2/26,78.014,27112.09
2009/2/27,75.593,41170.59
2009/3/2,73.757,27172.85
2009/3/3,73.07,18780.13
2009/3/4,73.789,42245.25
2009/3/5,77.057,23532.3
2009/3/6,75.561,20664.13
2009/3/9,73.763,23152.03
2009/3/10,72.941,15782.92
2009/3/11,74.482,8814.94
2009/3/12,73.282,11296.27
2009/3/13,73.057,20038.2
2009/3/16,71.914,13395.42
2009/3/17,73.198,18344.73
2009/3/18,74.457,17767.03
2009/3/19,74.547,18891.93
2009/3/20,75.253,15396.12
2009/3/23,75.388,32463.11
2009/3/24,75.998,35294.64
2009/3/25,72.331,86217.16
2009/3/26,71.131,59292.48
2009/3/27,72.428,42075.72
2009/3/30,71.978,24269.44
2009/3/31,72.556,26428.62
2009/4/1,73.776,40387.57
2009/4/2,74.842,37430.51
2009/4/3,74.739,41441
2009/4/7,74.739,21419.19
2009/4/8,74.405,25653.13
2009/4/9,74.617,18351.85
2009/4/10,75.625,40630.61
2009/4/13,77.43,36687.76
2009/4/14,76.287,38023.77
2009/4/15,75.446,38361.63
2009/4/16,75.927,38632.41
2009/4/17,75.959,38309.56
2009/4/20,77.796,32419.49
2009/4/21,80.332,38927.7
2009/4/22,79.298,39706.1
2009/4/23,77.051,22497.01
2009/4/24,78.322,22719.87
2009/4/27,75.381,28670.31
2009/4/28,73.134,34307.33
2009/4/29,74.001,31077.15
2009/4/30,73.84,20514.48
2009/5/4,74.707,23555.51
2009/5/5,76.011,22690.54
2009/5/6,75.06,38064.62
2009/5/7,74.264,34723.62
2009/5/8,74.097,31007.2
2009/5/11,74.643,32773.61
2009/5/12,74.039,25988.9
2009/5/13,73.982,35792.44
2009/5/14,73.712,21504.81
2009/5/15,74.232,16798.62
2009/5/18,74.296,35072.36
2009/5/19,74.804,26554.01
2009/5/20,74.47,14711.27
2009/5/21,73.327,25788.4
2009/5/25,71.953,33676.28
2009/5/26,72.498,16806.81
2009/5/27,72.524,27630
2009/6/1,73.654,45920.11
2009/6/2,75.137,50168.13
2009/6/3,75.651,29245.9
2009/6/4,75.702,46533.32
2009/6/5,76.184,77740.93
2009/6/8,80.261,36886.21
2009/6/9,81.674,73303.85
2009/6/10,83.478,26476.92
2009/6/11,84.294,39738.46
2009/6/12,82.958,27035.33
2009/6/15,83.504,44081.28
2009/6/16,86.04,20039.2
2009/6/17,86.811,22583.67
2009/6/18,87.003,41190.02
2009/6/19,87.067,18533.45
2009/6/22,85.321,21181.12
2009/6/23,83.189,27588.04
2009/6/24,84.12,20936.23
2009/6/25,84.762,21834.14
2009/6/26,87.324,18262.49
2009/6/29,88.159,38015.48
2009/6/30,92.975,24553.49
2009/7/1,93.832,19356.75
2009/7/2,93.003,26990.19
2009/7/3,94.103,25738.76
2009/7/6,92.421,29491.82
2009/7/7,92.557,27405.69
2009/7/8,91.579,26515.79
2009/7/9,92.686,34481.75
2009/7/10,95.378,29770.18
2009/7/13,96.647,39765.67
2009/7/14,98.375,26644.55
2009/7/15,97.061,31598.41
2009/7/16,95.754,36430.57
2009/7/17,95.592,14100.05
2009/7/20,95.126,38737.99
2009/7/21,95.119,42220.26
2009/7/22,94.297,25036.21
2009/7/23,94.498,17249.52
2009/7/24,94.673,45370.56
2009/7/27,95.456,64531.23
2009/7/28,98.763,36229.61
2009/7/29,93.197,36955.63
2009/7/30,94.822,27550.49
2009/7/31,96.207,32992.19
2009/8/3,98.375,44458.4
2009/8/4,98.763,21435.38
2009/8/5,100.122,55448.96
2009/8/6,103.617,39442.09
2009/8/7,104.562,57867.46
2009/8/10,102.828,29298.93
2009/8/11,104.627,36307.36
2009/8/12,104.847,41404.39
2009/8/13,103.423,33768.67
2009/8/14,100.964,24706.94
2009/8/17,95.708,29750.4
2009/8/18,95.793,29839.79
2009/8/19,95.786,33576.36
2009/8/20,95.786,34599.53
2009/8/21,97.734,24743.37
2009/8/24,101.32,13417.58
2009/8/25,98.44,24501.25
2009/8/26,99.365,22354.61
2009/8/27,102.258,22161.14
2009/8/28,102.905,24049.13
2009/8/31,96.757,37333.94
2009/9/1,97.061,20632.49
2009/9/2,96.796,16156.29
2009/9/3,97.093,19156.57
2009/9/4,99.022,21554.02
2009/9/7,101.145,38845.16
2009/9/8,102.983,34490.08
2009/9/9,104.847,31202.77
2009/9/10,105.17,13254.77
2009/9/11,106.077,13471.9
2009/9/14,107.953,15551.48
2009/9/15,106.29,17816.01
2009/9/16,105.416,13431.34
2009/9/17,106.407,16694.16
2009/9/18,104.847,18411.55
2009/9/21,103.035,26129.24
2009/9/22,106.452,40974.82
2009/9/23,106.789,21214.93
2009/9/24,103.397,18786.6
2009/9/25,104.847,18528.04
2009/9/28,106.141,13453.44
2009/9/29,104.523,15423.77
2009/9/30,105.494,12882.49
2009/10/9,107.889,12506.08
2009/10/12,108.018,8762.04
2009/10/13,106.465,10237.23
2009/10/14,105.565,37299.99
2009/10/15,103.818,28112.33
2009/10/16,103.009,27986.54
2009/10/19,102.873,43639.78
2009/10/20,104.206,40788.12
2009/10/21,104.07,38083.93
2009/10/22,102.245,36817.39
2009/10/23,102.452,46515.61
2009/10/26,101.132,45644.31
2009/10/27,100.64,25428.41
2009/10/28,100.834,19141.9
2009/10/29,100.705,20565.23
2009/10/30,101.158,27503.85
2009/11/2,100.627,32020.27
2009/11/3,102.944,20118.89
2009/11/4,102.905,33612.38
2009/11/5,104.53,20028.6
2009/11/6,103.753,26421.66
2009/11/9,103.099,18475.89
2009/11/10,102.905,32878.33
2009/11/11,103.65,42757.38
2009/11/12,105.624,42018.8
2009/11/13,106.937,50107.75
2009/11/16,109.3,41480.38
2009/11/17,109.248,29399.21
2009/11/18,110.575,16440.19
2009/11/19,109.507,17108.5
2009/11/20,109.028,23133.06
2009/11/23,109.267,35330.5
2009/11/24,109.766,43379.35
2009/11/25,109.96,32233.22
2009/11/26,108.989,26501.31
2009/11/27,106.827,24669.89
2009/11/30,107.047,43746.59
2009/12/1,111.332,39579.41
2009/12/2,112.536,20596.22
2009/12/3,111.092,25005.86
2009/12/4,109.384,31035.25
2009/12/7,113.131,45682.8
2009/12/8,112.29,26144.1
2009/12/9,111.189,17823.65
2009/12/10,111.565,16404.37
2009/12/11,112.29,16593.76
2009/12/14,111.876,21182.08
2009/12/15,111.222,20791.46
2009/12/16,109.241,32650.28
2009/12/17,107.5,27957.03
2009/12/18,105.818,18309.17
2009/12/21,107.436,18123.23
2009/12/22,107.112,16264.32
2009/12/23,107.455,20918.85
2009/12/24,107.96,38203.66
2009/12/25,109.5,31846.6
2009/12/28,109.701,27905.43
2009/12/29,109.895,21527.13
2009/12/30,108.73,48254.15
2009/12/31,109.248,29934.29
2010/1/4,109.578,44304.88
2010/1/5,109.377,31513.18
2010/1/6,107.636,39889.03
2010/1/7,104.769,48825.55
2010/1/8,103.617,36702.09
2010/1/11,103.876,24461.03
2010/1/12,103.947,31063.4
2010/1/13,104.2,37924.44
2010/1/14,104.847,46454.64
2010/1/15,109.06,45938.5
2010/1/18,109.96,21461.53
2010/1/19,109.701,17818.91
2010/1/20,107.306,20972.95
2010/1/21,107.112,17257.48
2010/1/22,104.776,25432.94
2010/1/25,105.177,23239.15
2010/1/26,106.53,32889.16
2010/1/27,105.882,19316.57
2010/1/28,105.818,30267.52
2010/1/29,108.523,37172.82
2010/2/1,108.089,29655.94
2010/2/2,107.623,15493.53
2010/2/3,106.271,23034.65
2010/2/4,106.873,22475.33
2010/2/5,108.083,26234.3
2010/2/8,110.361,31496.1
2010/2/9,110.368,14151.24
2010/2/10,110.478,6398.14
2010/2/11,111.06,14945.05
2010/2/12,111.448,9346.4
2010/2/22,109.423,12178.08
2010/2/23,106.594,23562.13
2010/2/24,107.112,9904.27
2010/2/25,108.018,15313.96
2010/2/26,107.824,10338.58
2010/3/1,107.429,21734.74
2010/3/2,106.724,17182.23
2010/3/3,106.743,14232.86
2010/3/4,106.141,14168.97
2010/3/5,106.323,9770.55
2010/3/8,105.365,23259.44
2010/3/9,105.3,12340.97
2010/3/10,105.429,11814.06
2010/3/11,105.222,13518.56
2010/3/12,104.582,12192.27
2010/3/15,102.193,15808.51
2010/3/16,102.193,7764.13
2010/3/17,102.841,18710.93
2010/3/18,102.096,14726.62
2010/3/19,102.258,13361.63
2010/3/22,102.051,23008.46
2010/3/23,101.559,18329.9
2010/3/24,101.967,20175.66
2010/3/25,102.129,9813.6
2010/3/26,102.31,20527.37
2010/3/29,102.912,31475.43
2010/3/30,103.229,19012.1
2010/3/31,102.582,14905.16
2010/4/1,102.75,23980.83
2010/4/2,98.116,154281.7
2010/4/6,97.922,53122.91
2010/4/7,97.87,41061.08
2010/4/8,97.08,32921.19
2010/4/9,95.65,54418.18
2010/4/12,94.996,38514.23
2010/4/13,95.074,54305.27
2010/4/14,95.954,46368.44
2010/4/15,95.139,40617.3
2010/4/16,95.009,29395.56
2010/4/19,94.395,41332.19
2010/4/20,90.686,49387.23
2010/4/21,91.715,63365.87
2010/4/22,94.511,37063.95
2010/4/23,92.615,66686.94
2010/4/26,88.602,107036.13
2010/4/27,85.884,58234.48
2010/4/28,84.784,26287.43
2010/4/29,85.793,34501.2
2010/4/30,82.68,85566.7
2010/5/4,82.124,23975.16
2010/5/5,82.389,33838.78
2010/5/6,82.389,28240.34
2010/5/7,81.224,31254.76
2010/5/10,85.431,66192.58
2010/5/11,85.968,33632.41
2010/5/12,84.136,21643.19
2010/5/13,86.227,27049.54
2010/5/14,86.725,18126.16
2010/5/17,83.878,17643.59
2010/5/18,81.664,26037.47
2010/5/19,82.855,10798.97
2010/5/20,83.496,22740.45
2010/5/21,83.146,27341.38
2010/5/24,86.919,29783.47
2010/5/25,84.622,22050.77
2010/5/26,84.24,11025.31
2010/5/31,85.353,23549.88
2010/6/1,84.46,23525.57
2010/6/2,85.204,21889.44
2010/6/3,86.337,24949.42
2010/6/4,86.861,30036.43
2010/6/7,88.02,38125.07
2010/6/8,89.961,14394.78
2010/6/9,90.66,18053.93
2010/6/10,90.951,11781.27
2010/6/11,89.676,19572.75
2010/6/17,88.22,12523.71
2010/6/18,84.79,20102.29
2010/6/21,84.913,18954.01
2010/6/22,85.042,20779.1
2010/6/23,85.055,12812.76
2010/6/24,83.929,24344.03
2010/6/25,83.379,19011.35
2010/6/28,82.719,14816.98
2010/6/29,81.23,27782.66
2010/6/30,81.321,17824.12
2010/7/1,81.871,7449.69
2010/7/2,81.904,16452.7
2010/7/5,81.372,14040.74
2010/7/6,81.66,15306.43
2010/7/7,82.64,8788.28
2010/7/8,83.038,8516.41
2010/7/9,83.43,27378.51
2010/7/12,85.286,17834
2010/7/13,83.953,7439.11
2010/7/14,84.293,9642.66
2010/7/15,85.155,18833.33
2010/7/16,85.305,32949.51
2010/7/19,86.827,19412.32
2010/7/20,87.984,26886.19
2010/7/21,89.179,24363.02
2010/7/22,89.369,16221.66
2010/7/23,90.27,38466
2010/7/26,91.622,22016.91
2010/7/27,91.524,25229.04
2010/7/28,92.439,27740.35
2010/7/29,90.91,45372.87
2010/7/30,89.826,29438.77
2010/8/2,90.564,42965.73
2010/8/3,92.772,17573.23
2010/8/4,92.583,17350.13
2010/8/5,94.124,41966.13
2010/8/6,96.163,21840.53
2010/8/9,96.849,38703
2010/8/10,95.705,28739.94
2010/8/11,95.379,15190.63
2010/8/12,95.516,31025.87
2010/8/13,96.894,15775.59
2010/8/16,98.26,25910.45
2010/8/17,99.625,35747.57
2010/8/18,99.494,30173.78
2010/8/19,98.318,35437.14
2010/8/20,96.999,20841.59
2010/8/23,96.685,13214.93
2010/8/24,97.404,10838.25
2010/8/25,97.75,16507.88
2010/8/26,97.012,12232
2010/8/27,97.469,8799
2010/8/30,99.089,53784
2010/8/31,103.14,31399
2010/9/1,101.846,25589
2010/9/2,103.133,24821
2010/9/3,104.394,27761
2010/9/6,107.138,29008
2010/9/7,107.66,22373
2010/9/8,107.791,15010
2010/9/9,108.444,21503
2010/9/10,108.771,19867
2010/9/13,109.718,28063
2010/9/14,108.183,26383
2010/9/15,105.635,21032
2010/9/16,102.493,20497
2010/9/17,102.898,17975
2010/9/20,105.831,12576
2010/9/21,107.144,14940
2010/9/27,107.987,18548
2010/9/28,109.751,22585
2010/9/29,109.104,13272
2010/9/30,108.444,14578
2010/10/8,110.404,31608
2010/10/11,108.444,43742
2010/10/12,107.327,28543
2010/10/13,104.427,60287
2010/10/14,102.441,53243
2010/10/15,103.421,72099
2010/10/18,101.128,96564
2010/10/19,104.525,53448
2010/10/20,104.583,47372
2010/10/21,108.314,37621
2010/10/22,108.875,41046
2010/10/25,109.836,36195
2010/10/26,109.757,28590
2010/10/27,108.771,28912
2010/10/28,108.921,19440
2010/10/29,104.851,65465
2010/11/1,105.962,49658
2010/11/2,105.563,62292
2010/11/3,105.504,42253
2010/11/4,106.341,44629
2010/11/5,106.68,34654
2010/11/8,105.341,56894
2010/11/9,106.301,60737
2010/11/10,108.771,150005
2010/11/11,113.742,74217
2010/11/12,114.663,126500
2010/11/15,118.89,79038
2010/11/16,113.997,72291
2010/11/17,107.007,80509
2010/11/18,108.444,40286
2010/11/19,111.195,48954
2010/11/22,113.54,47940
2010/11/23,115.108,108469
2010/11/24,125.429,110799
2010/11/25,128.696,45579
2010/11/26,131.054,63799
2010/11/29,134.085,67499
2010/11/30,130.871,65665
2010/12/1,130.669,38016
2010/12/2,129.29,42940
2010/12/3,129.153,43037
2010/12/6,124.195,43281
2010/12/7,124.031,31804
2010/12/8,128.049,28334
2010/12/9,125.625,24461
2010/12/10,124.776,39587
2010/12/13,126.409,58592
2010/12/14,128.565,61542
2010/12/15,129.349,47423
2010/12/16,134.902,66817
2010/12/17,133.145,51769
2010/12/20,126.736,68557
2010/12/21,126.089,59359
2010/12/22,124.123,44151
2010/12/23,124.123,32743
2010/12/24,122.163,29408
2010/12/27,119.099,45246
2010/12/28,115.892,48176
2010/12/29,118.897,30967
2010/12/30,117.721,41774
2010/12/31,118.276,46084
2011/1/4,119.289,60462
2011/1/5,117.917,58198
2011/1/6,116.571,37584
2011/1/7,116.61,30533
2011/1/10,113.762,38784
2011/1/11,111.848,45322
2011/1/12,112.632,31323
2011/1/13,113.991,41341
2011/1/14,115.826,25772
2011/1/17,114.337,37475
2011/1/18,113.664,40962
2011/1/19,118.315,26198
2011/1/20,116.447,24523
2011/1/21,114.755,26867
2011/1/24,111.064,34775
2011/1/25,111.057,17238
2011/1/26,111.717,14325
2011/1/27,110.783,29444
2011/1/28,112.612,19591
2011/1/31,113.024,32442
2011/2/1,115.957,17758
2011/2/9,115.63,17675
2011/2/10,115.826,36008
2011/2/11,120.393,34001
2011/2/14,120.138,36639
2011/2/15,120.726,29716
2011/2/16,118.701,36440
2011/2/17,118.132,36363
2011/2/18,117.786,36828
2011/2/21,118.374,27289
2011/2/22,118.243,38293
2011/2/23,118.315,19422
2011/2/24,118.322,20476
2011/2/25,117.068,29413
2011/2/28,114.977,39093
2011/3/1,116.153,23059
2011/3/2,114.984,32095
2011/3/3,114.16,37735
2011/3/4,113.997,33351
2011/3/7,114.872,33553
2011/3/8,114.193,31869
2011/3/9,115.01,22971
2011/3/10,115.879,54492
2011/3/11,117.518,23345
2011/3/14,117.009,22372
2011/3/15,115.65,30898
2011/3/16,117.139,24176
2011/3/17,117.708,88522
2011/3/18,122.248,61484
2011/3/21,120.563,48651
2011/3/22,120.987,27887
2011/3/23,119.877,42881
2011/3/24,119.877,21353
2011/3/25,119.55,27905
2011/3/28,117.91,40295
2011/3/29,116.61,26523
2011/3/30,116.48,20602
2011/3/31,116.61,17525
2011/4/1,116.643,18227
2011/4/6,115.441,28774
2011/4/7,114.18,46830
2011/4/8,114.193,21823
2011/4/11,114.396,26173
2011/4/12,115.434,34945
2011/4/13,115.643,29389
2011/4/14,114.637,36621
2011/4/15,111.56,53327
2011/4/18,111.848,19608
2011/4/19,112.031,22880
2011/4/20,113.017,22509
2011/4/21,114.134,28684
2011/4/22,114.017,14500
2011/4/25,117.263,70225
2011/4/26,118.165,31095
2011/4/27,118.243,27748
2011/4/28,116.153,25357
2011/4/29,116.075,22083
2011/5/3,118.897,41270
2011/5/4,119.837,32521
2011/5/5,119.557,26693
2011/5/6,119.557,23960
2011/5/9,120.138,12175
2011/5/10,119.406,15918
2011/5/11,119.563,12896
2011/5/12,120.595,25027
2011/5/13,121.183,12253
2011/5/16,121.836,11505
2011/5/17,121.51,20866
2011/5/18,122.359,62165
2011/5/19,128.043,85738
2011/5/20,129.878,40043
2011/5/23,128.696,39420
2011/5/24,127.063,23997
2011/5/26,127.259,38970
2011/5/27,126.22,31729
2011/5/30,125.279,47286
2011/5/31,131.505,33854
2011/6/1,132.629,39093
2011/6/2,133.007,39585
2011/6/3,134.588,29483
2011/6/7,134.758,26876
2011/6/8,132.994,25070
2011/6/9,131.805,36179
2011/6/10,130.525,34279
2011/6/13,129.872,28004
2011/6/14,130.982,37487
2011/6/15,132.086,16408
2011/6/16,130.799,17731
2011/6/17,132.387,33411
2011/6/20,131.309,29909
2011/6/21,131.982,12738
2011/6/22,132.746,16188
2011/6/23,133.922,20280
2011/6/24,134.151,37068
2011/6/27,134.432,23190
2011/6/28,135.372,25540
2011/6/29,135.817,19596
2011/6/30,137.202,32701
2011/7/1,137.964,15810
2011/7/4,138.618,46338
2011/7/5,137.892,27057
2011/7/6,138.117,19753
2011/7/7,138.764,40956
2011/7/8,140.18,17183
2011/7/11,140.544,25615
2011/7/12,140.682,28488
2011/7/13,140.478,22109
2011/7/14,140.071,24822
2011/7/15,139.919,17763
2011/7/18,141.815,28523
2011/7/19,143.268,20276
2011/7/20,144.212,18967
2011/7/21,145.302,47676
2011/7/22,147.598,49860
2011/7/25,147.126,35260
2011/7/26,146.755,24791
2011/7/27,147.235,30676
2011/7/28,146.755,22923
2011/7/29,149.153,19104
2011/8/1,147.336,18572
2011/8/2,144.249,27849
2011/8/3,144.576,17061
2011/8/4,146.61,17773
2011/8/5,145.36,21319
2011/8/8,143.849,36884
2011/8/9,140.217,36924
2011/8/10,145.121,38436
2011/8/11,148.208,61949
2011/8/12,154.747,39466
2011/8/15,153.962,29450
2011/8/16,151.31,37491
2011/8/17,151.637,13553
2011/8/18,149.923,29341
2011/8/19,150.061,37488
2011/8/22,147.918,28164
2011/8/23,147.772,23579
2011/8/24,148.274,17957
2011/8/25,148.942,30083
2011/8/26,150.279,22748
2011/8/29,152.204,26082
2011/8/30,154.754,28816
2011/8/31,155.837,50014
2011/9/1,152.931,25689
2011/9/2,152.495,13832
2011/9/5,150.024,27344
2011/9/6,146.959,32094
2011/9/7,147.845,20087
2011/9/8,149.385,13182
2011/9/9,148.201,14227
2011/9/13,146.087,18949
2011/9/14,141.067,47625
2011/9/15,143.682,19122
2011/9/16,143.849,18029
2011/9/19,146.697,15352
2011/9/20,144.939,12784
2011/9/21,145.665,24640
2011/9/22,143.341,24336
2011/9/23,137.957,76537
2011/9/26,136.584,42211
2011/9/27,136.344,24749
2011/9/28,135.298,32389
2011/9/29,134.332,30030
2011/9/30,135.974,18269
2011/10/10,136.315,14283
2011/10/11,132.951,20586
2011/10/12,133.99,29778
2011/10/13,138.037,23961
2011/10/14,137.892,12468
2011/10/17,139.199,26008
2011/10/18,141.677,22785
2011/10/19,143.123,22657
2011/10/20,138.473,29312
2011/10/21,138.517,17116
2011/10/24,141.234,32390
2011/10/25,144.721,32041
2011/10/26,144.365,29492
2011/10/27,146.421,20104
2011/10/28,147.852,26056
2011/10/31,147.249,28121
2011/11/1,147.126,27147
2011/11/2,148.644,26647
2011/11/3,150.511,30465
2011/11/4,149.901,18546
2011/11/7,150.068,16573
2011/11/8,148.194,25546
2011/11/9,147.118,24696
2011/11/10,147.576,14617
2011/11/11,147.503,11692
2011/11/14,148.353,17986
2011/11/15,147.482,17782
2011/11/16,145.229,29545
2011/11/17,145.527,15589
2011/11/18,145.084,19907
2011/11/21,145.382,18389
2011/11/22,145.738,35652
2011/11/23,149.385,31537
2011/11/24,150.751,26558
2011/11/25,150.388,40235
2011/11/28,152.066,53379
2011/11/29,153.875,41355
2011/11/30,151.695,40263
2011/12/1,152.763,33785
2011/12/2,154.02,26962
2011/12/5,149.952,38962
2011/12/6,146.537,37152
2011/12/7,147.99,27333
2011/12/8,147.394,24661
2011/12/9,145.084,36745
2011/12/12,143.043,29526
2011/12/13,142.832,15539
2011/12/14,142.578,18341
2011/12/15,141.742,14945
2011/12/16,143.842,30649
2011/12/19,144.794,25456
2011/12/20,144.212,17106
2011/12/21,143.108,21962
2011/12/22,142.251,17443
2011/12/23,144.576,17609
2011/12/26,139.708,46995
2011/12/27,136.817,31314
2011/12/28,135.487,27738
2011/12/29,137.383,20062
2011/12/30,138.037,29460
2012/1/4,134.404,33878
2012/1/5,132.487,30122
2012/1/6,131.971,25190
2012/1/9,132.058,26160
2012/1/10,135.211,39235
2012/1/11,137.528,39891
2012/1/12,137.005,27440
2012/1/13,136.235,20542
2012/1/16,127.619,51655
2012/1/17,124.161,61227
2012/1/18,128.345,47294
2012/1/19,127.51,24329
2012/1/20,132.225,29683
2012/1/30,132.995,30550
2012/1/31,133.932,15854
2012/2/1,134.317,24824
2012/2/2,133.881,20375
2012/2/3,133.307,26517
2012/2/6,134.986,29747
2012/2/7,134.695,17942
2012/2/8,134.463,23082
2012/2/9,136.337,31384
2012/2/10,137.383,22276
2012/2/13,137.064,21639
2012/2/14,139.345,15142
2012/2/15,140.02,24714
2012/2/16,138.473,22016
2012/2/17,138.306,12287
2012/2/20,138.618,18530
2012/2/21,138.328,13789
2012/2/22,138.749,22352
2012/2/23,139.868,33433
2012/2/24,141.052,23944
2012/2/27,143.486,26562
2012/2/28,144.256,25698
2012/2/29,145.665,39432
2012/3/1,147.039,16920
2012/3/2,144.946,35216
2012/3/5,144.285,30553
2012/3/6,142.396,31474
2012/3/7,140.202,29198
2012/3/8,140.202,23574
2012/3/9,141.088,29239
2012/3/12,144.597,25681
2012/3/13,145.375,18316
2012/3/14,143.849,40699
2012/3/15,144.285,28094
2012/3/16,145.52,51583
2012/3/19,149.349,45635
2012/3/20,149.741,23400
2012/3/21,148.106,29527
2012/3/22,148.419,8331
2012/3/23,150.751,54873
2012/3/26,153.366,37653
2012/3/27,146.029,79106
2012/3/28,144.074,55461
2012/3/29,145.302,36982
2012/3/30,141.67,37959
2012/4/5,142.469,40960
2012/4/6,149.32,26729
2012/4/9,149.371,14474
2012/4/10,149.015,16640
2012/4/11,147.852,31460
2012/4/12,150.155,28422
2012/4/13,153.584,20527
2012/4/16,153.722,20893
2012/4/17,152.567,17872
2012/4/18,152.567,22815
2012/4/19,150.976,21823
2012/4/20,151.332,17046
2012/4/23,152.466,13281
2012/4/24,152.524,21782
2012/4/25,152.567,15529
2012/4/26,155.11,35019
2012/4/27,157.428,42728
2012/5/2,161.285,35339
2012/5/3,162.455,25654
2012/5/4,164.555,31879
2012/5/7,169.48,34244
2012/5/8,166.647,36664
2012/5/9,165.063,32909
2012/5/10,164.882,30574
2012/5/11,164.119,23260
2012/5/14,160.276,38797
2012/5/15,159.905,16168
2012/5/16,158.379,28139
2012/5/17,158.823,34172
2012/5/18,156.854,26277
2012/5/21,158.074,28843
2012/5/22,163.472,41458
2012/5/23,165.644,24722
2012/5/24,158.292,53743
2012/5/25,156.926,30569
2012/5/28,158.241,27833
2012/5/30,164.918,25700
2012/5/31,165.644,37367
2012/6/1,171.972,38504
2012/6/4,171.798,24327
2012/6/5,172.336,24561
2012/6/6,171.754,18728
2012/6/7,172.038,19677
2012/6/8,171.457,17286
2012/6/11,169.568,33061
2012/6/12,168.645,16372
2012/6/13,169.35,20463
2012/6/14,172.343,28704
2012/6/15,174.195,19859
2012/6/18,176.84,19538
2012/6/19,175.787,17299
2012/6/20,175.816,11393
2012/6/21,173.491,17034
2012/6/25,172.546,18434
2012/6/26,169.001,26122
2012/6/27,172.91,23257
2012/6/28,171.449,22213
2012/6/29,170.999,23224
2012/7/2,171.471,25731
2012/7/3,175.096,50158
2012/7/4,183.081,45035
2012/7/5,183.867,22749
2012/7/6,184.635,39158
2012/7/9,187.904,28527
2012/7/10,184.391,26987
2012/7/11,183.292,32009
2012/7/12,188.177,37273
2012/7/13,188.398,29548
2012/7/16,193.269,29533
2012/7/17,186.93,36030
2012/7/18,177.034,74046
2012/7/19,179.358,26580
2012/7/20,179.24,26054
2012/7/23,176.37,19811
2012/7/24,177.558,34372
2012/7/25,184.126,26170
2012/7/26,184.266,23418
2012/7/27,182.126,18421
2012/7/30,182.679,17495
2012/7/31,181.572,19465
2012/8/1,178.502,26715
2012/8/2,177.956,17054
2012/8/3,178.709,16472
2012/8/6,180.945,17320
2012/8/7,183.1,18119
2012/8/8,183.749,14893
2012/8/9,185.373,30672
2012/8/10,180.074,91225
2012/8/13,182.126,23037
2012/8/14,180.797,18786
2012/8/15,179.691,22723
2012/8/16,176.421,31482
2012/8/17,168.621,59071
2012/8/20,166.762,24052
2012/8/21,171.699,26323
2012/8/22,169.728,20423
2012/8/23,166.828,27956
2012/8/24,167.551,21676
2012/8/27,167.625,20899
2012/8/28,166.046,20294
2012/8/29,161.441,30425
2012/8/30,157.552,48348
2012/8/31,160.283,22484
2012/9/4,170.466,111508
2012/9/5,171.204,27490
2012/9/6,169.064,20794
2012/9/7,172.09,42812
2012/9/10,176.576,28169
2012/9/11,175.617,16135
2012/9/12,176.296,29023
2012/9/13,175.853,14294
2012/9/14,176.451,24586
2012/9/17,177.993,20014
2012/9/18,176.739,18277
2012/9/19,169.839,40991
2012/9/20,168.909,21517
2012/9/21,168.341,15679
2012/9/24,168.311,17634
2012/9/25,170.835,26230
2012/9/26,172.459,20362
2012/9/27,173.071,27140
2012/9/28,176.37,31283
2012/10/8,175.248,23608
2012/10/9,177.137,23410
2012/10/10,177.661,13456
2012/10/11,177.942,10625
2012/10/12,178.384,11742
2012/10/15,180.628,18883
2012/10/16,180.879,27737
2012/10/17,182.938,15980
2012/10/18,183.749,22278
2012/10/19,185.41,18629
2012/10/22,182.864,19117
2012/10/23,180.502,18702
2012/10/24,180.133,10972
2012/10/25,180.281,9159
2012/10/26,177.159,24559
2012/10/29,176.407,14490
2012/10/30,178.001,15610
2012/10/31,179.801,15845
2012/11/1,181.794,18191
2012/11/2,181.742,16974
2012/11/5,177.993,22665
2012/11/6,173.787,41713
2012/11/7,173.418,16217
2012/11/8,172.569,16261
2012/11/9,172.429,11670
2012/11/12,168.909,20464
2012/11/13,166.555,20447
2012/11/14,167.145,12238
2012/11/15,167.02,11400
2012/11/16,164.194,19677
2012/11/19,154.158,70484
2012/11/20,156.814,38078
2012/11/21,156.29,33334
2012/11/22,152.608,51520
2012/11/23,158.666,29844
2012/11/26,159.028,21954
2012/11/27,159.53,20458
2012/11/28,160.135,15017
2012/11/29,160.976,15675
2012/11/30,157.338,21371
2012/12/3,146.889,79372
2012/12/4,140.801,78705
2012/12/5,139.199,111703
2012/12/6,135.783,117561
2012/12/7,145.066,99501
2012/12/11,146.483,92232
2012/12/12,149.435,64325
2012/12/13,151.353,61996
2012/12/14,146.483,78926
2012/12/17,149.066,71361
2012/12/18,155.833,46945
2012/12/19,157.191,47569
2012/12/20,159.094,34434
2012/12/21,159.272,25092
2012/12/24,147.59,100050
2012/12/25,148.49,59533
2012/12/26,149.59,44866
2012/12/27,150.35,60926
2012/12/28,153.198,56589
2012/12/31,152.276,51914
2013/1/4,151.28,58370
2013/1/7,149.435,41271
2013/1/8,149.936,65286
2013/1/9,156.076,53749
2013/1/10,157.183,30527
2013/1/11,154.881,37009
2013/1/14,149.663,68183
2013/1/15,152.623,52635
2013/1/16,150.305,69501
2013/1/17,150.925,36201
2013/1/18,147.671,55318
2013/1/21,144.859,74779
2013/1/22,139.472,73815
2013/1/23,143.015,51013
2013/1/24,143.752,59474
2013/1/25,137.332,80007
2013/1/28,131.355,158290
2013/1/29,126.927,115447
2013/1/30,130.381,71376
2013/1/31,131.185,37816
2013/2/1,131.377,45265
2013/2/4,128.403,64964
2013/2/5,128.256,87825
2013/2/6,134.307,46195
2013/2/7,133.805,48567
2013/2/8,136.004,41572
2013/2/18,132.093,56569
2013/2/19,130.469,37737
2013/2/20,129.156,36582
2013/2/21,129.178,53832
2013/2/22,133.569,62864
2013/2/25,133.023,34549
2013/2/26,130.86,43754
2013/2/27,129.554,34158
2013/2/28,126.927,56786
2013/3/1,127.658,38003
2013/3/4,128.196,52072
2013/3/5,128.3,36974
2013/3/6,128.145,49227
2013/3/7,132.329,85190
2013/3/8,135.539,35959
2013/3/11,134.167,34965
2013/3/12,132.831,25393
2013/3/13,134.602,30769
2013/3/14,131.842,35124
2013/3/15,129.215,35961
2013/3/18,124.116,78231
2013/3/19,121.4,63414
2013/3/20,121.097,71894
2013/3/21,122.352,65392
2013/3/22,122.286,45578
2013/3/25,124.049,31966
2013/3/26,124.278,32480
2013/3/27,122.057,47662
2013/3/28,119.777,41490
2013/3/29,122.514,47717
2013/4/1,121.452,29128
2013/4/2,120.485,32524
2013/4/3,120.419,21990
2013/4/8,118.404,37732
2013/4/9,120.064,24194
2013/4/10,120.064,70858
2013/4/11,124.197,29729
2013/4/12,124.344,59800
2013/4/15,125.466,28336
2013/4/16,125.156,39137
2013/4/17,128.071,42974
2013/4/18,129.886,41956
2013/4/19,130.536,39238
2013/4/22,128.034,42745
2013/4/23,126.706,30952
2013/4/24,125.673,30402
2013/4/25,127.828,25359
2013/4/26,127.673,16307
2013/5/2,124.736,28586
2013/5/3,125.894,21460
2013/5/6,126.912,30196
2013/5/7,132.108,71020
2013/5/8,137.354,42416
2013/5/9,139.664,70134
2013/5/10,144.645,48776
2013/5/13,142.992,32579
2013/5/14,140.218,36431
2013/5/15,140.742,23264
2013/5/16,141.686,45462
2013/5/17,142.424,33556
2013/5/20,143.494,30944
2013/5/21,142.801,23102
2013/5/22,143.974,46149
2013/5/23,147.295,62247
2013/5/24,147.59,45073
2013/5/27,146.114,26778
2013/5/28,147.258,23676
2013/5/29,148.586,32340
2013/5/30,146.859,25019
2013/5/31,145.376,24590
2013/6/3,145.509,40256
2013/6/4,148.807,42356
2013/6/5,147.28,23724
2013/6/6,148.483,33877
2013/6/7,147.491,25478
2013/6/13,146.347,44998
2013/6/14,144.495,32518
2013/6/17,144.213,29689
2013/6/18,142.163,27377
2013/6/19,143.443,28909
2013/6/20,145.28,25586
2013/6/21,142.91,39654
2013/6/24,141.142,40807
2013/6/25,134.168,51352
2013/6/26,140.837,32903
2013/6/27,143.36,34135
2013/6/28,143.939,28070
2013/7/1,145.593,25828
2013/7/2,146.812,33453
2013/7/3,149.488,35424
2013/7/4,149.831,24214
2013/7/5,150.075,17779
2013/7/8,147.102,24113
2013/7/9,145.357,20233
2013/7/10,143.969,33244
2013/7/11,146.363,46056
2013/7/12,143.825,42991
2013/7/15,140.951,36607
2013/7/16,141.386,37011
2013/7/17,142.384,27388
2013/7/18,140.014,25699
2013/7/19,133.024,73319
2013/7/22,131.896,27062
2013/7/23,133.367,28756
2013/7/24,131.934,44067
2013/7/25,132.849,39540
2013/7/26,133.306,19045
2013/7/29,130.334,26883
2013/7/30,126.21,42113
2013/7/31,127.819,14590
2013/8/1,128.855,24852
2013/8/2,131.622,29240
2013/8/5,132.544,18065
2013/8/6,131.63,26562
2013/8/7,132.415,28377
2013/8/8,132.925,16076
2013/8/9,130.288,22889
2013/8/12,131.485,39390
2013/8/13,134.526,25435
2013/8/14,135.974,21721
2013/8/15,135.204,15365
2013/8/16,132.659,34973
2013/8/19,131.858,19357
2013/8/20,131.63,31250
2013/8/21,131.401,23103
2013/8/22,132.636,15501
2013/8/23,130.715,19529
2013/8/26,131.096,16885
2013/8/27,131.096,24436
2013/8/28,129.244,30603
2013/8/29,128.131,21804
2013/8/30,127.704,25861
2013/9/2,115.776,224970
2013/9/3,113.566,123211
2013/9/4,115.547,76789
2013/9/5,113.794,71283
2013/9/6,114.153,37783
2013/9/9,114.237,69270
2013/9/10,114.389,54093
2013/9/11,114.328,69012
2013/9/12,115.25,47723
2013/9/13,115.586,68254
2013/9/16,114.015,58877
2013/9/17,107.095,109057
2013/9/18,106.325,67317
2013/9/23,106.744,65409
2013/9/24,104.191,98819
2013/9/25,101.386,69789
2013/9/26,102.133,47227
2013/9/27,101.973,34639
2013/9/30,101.767,50460
2013/10/8,102.278,56867
2013/10/9,103.505,40815
2013/10/10,103.848,29045
2013/10/11,103.124,36455
2013/10/14,104.663,55274
2013/10/15,106.005,69277
2013/10/16,108.307,94813
2013/10/17,109.374,48621
2013/10/18,108.23,35574
2013/10/21,108.383,47022
2013/10/22,108.802,24581
2013/10/23,108.391,26215
2013/10/24,108.764,26255
2013/10/25,103.353,58584
2013/10/28,101.569,32141
2013/10/29,100.228,35182
2013/10/30,100.578,25343
2013/10/31,100.99,34893
2013/11/1,101.981,22154
2013/11/4,103.101,19436
2013/11/5,102.667,27843
2013/11/6,104.801,44449
2013/11/7,104.191,21358
2013/11/8,103.665,21537
2013/11/11,103.795,52328
2013/11/12,105.982,69478
2013/11/13,109.069,31881
2013/11/14,107.994,24042
2013/11/15,108.307,33597
2013/11/18,108.84,41571
2013/11/19,107.697,41166
2013/11/20,107.773,25517
2013/11/21,105.601,32991
2013/11/22,105.167,28110
2013/11/25,104.816,26181
2013/11/26,106.538,16406
2013/11/27,105.639,15679
2013/11/28,106.691,22240
2013/11/29,106.645,20423
2013/12/2,104.038,42892
2013/12/3,103.154,32882
2013/12/4,104.092,33510
2013/12/5,104.381,19326
2013/12/6,103.657,29150
2013/12/9,103.657,25371
2013/12/10,103.81,25392
2013/12/11,103.787,19868
2013/12/12,103.81,18306
2013/12/13,103.825,19267
2013/12/16,101.272,32869
2013/12/17,100.914,15641
2013/12/18,100.845,20105
2013/12/19,99.923,17813
2013/12/20,96.036,38556
2013/12/23,96.127,19222
2013/12/24,96.325,27897
2013/12/25,95.952,18439
2013/12/26,94.618,34156
2013/12/27,95.075,25455
2013/12/30,94.504,32166
2013/12/31,93.368,57546
2014/1/2,95.731,21976
2014/1/3,93.924,23341
2014/1/6,91.996,30229
2014/1/7,90.853,18039
2014/1/8,89.946,31989
2014/1/9,90.395,47886
2014/1/10,89.976,21126
2014/1/13,90.761,37646
2014/1/14,90.624,23474
2014/1/15,89.976,19720
2014/1/16,90.502,39119
2014/1/17,91.554,32363
2014/1/20,92.24,60090
2014/1/21,95.54,35404
2014/1/22,96.264,73667
2014/1/23,100.426,40258
2014/1/24,100.997,35780
2014/1/27,102.636,83510
2014/1/28,104.801,36401
2014/1/29,104.031,31520
2014/1/30,99.846,37223
2014/2/7,99.892,23865
2014/2/10,99.74,36251
2014/2/11,100.685,43006
2014/2/12,101.607,19283
2014/2/13,102.141,38567
2014/2/14,103.192,67410
2014/2/17,109.831,87465
2014/2/18,111.371,33640
2014/2/19,112.08,31482
2014/2/20,112.804,23188
2014/2/21,112.636,34125
2014/2/24,110.982,31178
2014/2/25,107.468,46279
2014/2/26,105.982,26513
2014/2/27,106.721,25646
2014/2/28,110.479,41926
2014/3/3,113.055,48816
2014/3/4,115.852,50866
2014/3/5,115.852,47211
2014/3/6,119.663,42741
2014/3/7,121.98,58110
2014/3/10,117.4,49985
2014/3/11,118.215,38561
2014/3/12,118.733,36763
2014/3/13,119.747,42637
2014/3/14,123.322,24933
2014/3/17,123.482,32198
2014/3/18,128.276,59473
2014/3/19,128.81,35365
2014/3/20,128.81,33895
2014/3/21,126.142,40318
2014/3/24,129.495,26320
2014/3/25,118.589,62403
2014/3/26,120.7,57376
2014/3/27,119.206,38044
2014/3/28,115.098,48272
2014/3/31,115.852,30583
2014/4/1,117.682,34046
2014/4/2,122.735,46698
2014/4/3,124.617,26918
2014/4/4,122.712,23206
2014/4/8,122.72,25927
2014/4/9,123.573,21618
2014/4/10,121.569,54177
2014/4/11,131.096,90225
2014/4/14,131.858,26824
2014/4/15,132.011,25880
2014/4/16,129.717,22040
2014/4/17,129.732,29744
2014/4/18,132.087,19601
2014/4/21,131.096,18333
2014/4/22,130.73,22344
2014/4/23,131.119,32482
2014/4/24,132.392,12581
2014/4/25,123.314,95877
2014/4/28,121.805,33028
2014/4/29,123.832,27996
2014/4/30,123.878,19220
2014/5/5,119.724,36743
2014/5/6,121.95,13622
2014/5/7,121.645,11960
2014/5/8,122.27,14697
2014/5/9,122.179,16721
2014/5/12,121.569,26194
2014/5/13,121.614,15939
2014/5/14,117.384,34016
2014/5/15,117.758,16983
2014/5/16,117.887,18467
2014/5/19,112.758,56250
2014/5/20,109.45,46885
2014/5/21,109.717,38737
2014/5/22,114.061,18678
2014/5/23,114.313,14009
2014/5/26,116.5,8910
2014/5/27,116.508,13035
2014/5/28,116.462,12501
2014/5/29,116.965,10106
2014/5/30,116.63,9217
2014/6/3,116.043,13048
2014/6/4,114.343,10494
2014/6/5,113.817,20678
2014/6/6,116.073,9477
2014/6/9,116.081,10034
2014/6/10,116.805,19305
2014/6/11,116.775,10781
2014/6/12,115.944,11499
2014/6/13,115.212,16970
2014/6/16,116.157,16237
2014/6/17,116.005,16364
2014/6/18,116.919,14024
2014/6/19,116.233,11551
2014/6/20,116.096,12019
2014/6/23,116.889,28983
2014/6/24,119.32,38532
2014/6/25,121.891,38171
2014/6/26,121.814,36348
2014/6/27,119.927,26477
2014/6/30,120.944,24399
2014/7/1,121.288,11946
2014/7/2,121.461,12068
2014/7/3,121.805,19331
2014/7/4,122.942,15402
2014/7/7,122.503,22879
2014/7/8,121.478,21091
2014/7/9,121.478,14328
2014/7/10,121.116,12159
2014/7/11,121.564,18432
2014/7/14,121.891,46534
2014/7/15,128.447,58787
2014/7/16,132.53,24459
2014/7/17,130.936,20191
2014/7/18,131.539,74896
2014/7/21,136.613,30143
2014/7/22,137.483,29820
2014/7/23,139.206,27836
2014/7/24,139.809,35682
2014/7/25,138.741,27833
2014/7/28,140.343,42968
2014/7/29,138.052,36017
2014/7/30,134.813,54876
2014/7/31,135.209,25206
2014/8/1,137.5,43259
2014/8/4,139.8,38848
2014/8/5,139.266,38357
2014/8/6,139.55,20317
2014/8/7,138.258,25396
2014/8/8,137.655,23819
2014/8/11,139.128,20070
2014/8/12,137.957,19604
2014/8/13,138.517,34454
2014/8/14,138.93,22958
2014/8/15,138.801,21802
2014/8/18,137.052,41698
2014/8/19,136.492,32095
2014/8/20,136.535,37084
2014/8/21,136.966,18872
2014/8/22,136.751,18636
2014/8/25,136.363,15376
2014/8/26,135.209,16589
2014/8/27,134.537,13828
2014/8/28,134.382,17618
2014/8/29,133.52,23838
2014/9/1,135.855,16450
2014/9/2,136.131,41246
2014/9/3,140.033,42042
2014/9/4,140.998,23975
2014/9/5,142.316,34731
2014/9/9,141.273,20562
2014/9/10,140.42,17867
2014/9/11,139.102,31875
2014/9/12,138.103,17356
2014/9/15,136.794,32543
2014/9/16,135.261,34823
2014/9/17,135.536,25841
2014/9/18,135.312,26482
2014/9/19,136.535,22665
2014/9/22,135.105,37191
2014/9/23,134.692,34546
2014/9/24,134.037,43448
2014/9/25,138.603,56851
2014/9/26,137.138,22716
2014/9/29,139.025,23488
2014/9/30,138.861,21574
2014/10/8,135.932,45652
2014/10/9,136.604,36244
2014/10/10,135.846,43147
2014/10/13,132.383,53176
2014/10/14,133.038,28895
2014/10/15,133.271,22238
2014/10/16,134.468,23949
2014/10/17,135.157,30976
2014/10/20,134.726,32910
2014/10/21,134.899,39911
2014/10/22,135.674,22836
2014/10/23,136.01,31917
2014/10/24,135.838,19980
2014/10/27,133.426,27970
2014/10/28,135.398,20548
2014/10/29,135.657,21423
2014/10/30,133.607,49087
2014/10/31,132.961,36421
2014/11/3,133.908,24670
2014/11/4,130.075,55943
2014/11/5,125.337,76719
2014/11/6,125.776,36362
2014/11/7,126.724,41507
2014/11/10,128.352,62325
2014/11/11,130.945,47706
2014/11/12,129.386,30823
2014/11/13,128.938,49155
2014/11/14,129.997,75225
2014/11/17,137.828,150416
2014/11/18,133.52,63497
2014/11/19,131.462,46290
2014/11/20,129.635,46258
2014/11/21,129.386,41990
2014/11/24,130.936,53878
2014/11/25,131.625,53231
2014/11/26,132.564,63858
2014/11/27,132.659,96551
2014/11/28,131.944,88288
2014/12/1,134.382,121740
2014/12/2,136.32,99268
2014/12/3,139.861,117322
2014/12/4,143.427,117781
2014/12/5,145.236,112901
2014/12/8,144.03,100894
2014/12/9,147.734,151890
2014/12/10,150.749,106656
2014/12/11,150.999,54882
2014/12/12,151.61,51055
2014/12/15,151.119,70964
2014/12/16,153.428,51129
2014/12/17,153.161,60020
2014/12/18,154.195,38567
2014/12/19,153.333,49631
2014/12/22,151.507,73623
2014/12/23,156.787,85650
2014/12/24,155.642,63554
2014/12/25,155.926,44071
2014/12/26,157.64,42677
2014/12/29,156.779,89838
2014/12/30,157.192,56171
2014/12/31,159.363,46269
2015/1/5,162.542,94515
2015/1/6,168.856,55020
2015/1/7,163.662,54797
2015/1/8,163.791,40525
2015/1/9,163.765,53982
2015/1/12,158.898,49914
2015/1/13,159.019,36708
2015/1/14,155.814,52403
2015/1/15,157.192,48585
2015/1/16,160.207,39978
2015/1/19,147.708,64679
2015/1/20,149.026,61022
2015/1/21,152.644,52674
2015/1/22,155.056,38254
2015/1/23,155.151,33084
2015/1/26,155.961,35649
2015/1/27,153.333,41883
2015/1/28,152.73,30680
2015/1/29,150.749,32492
2015/1/30,152.041,47508
2015/2/2,149.457,33983
2015/2/3,151.783,27792
2015/2/4,152.472,35293
2015/2/5,149.887,41239
2015/2/6,149.543,37102
2015/2/9,150.749,87293
2015/2/10,156.305,53638
2015/2/11,156.848,22894
2015/2/12,156.787,25050
2015/2/13,156.262,40127
2015/2/16,156.107,39521
2015/2/17,156.701,34172
2015/2/25,156.012,59935
2015/2/26,158.114,62297
2015/2/27,160.914,63370
2015/3/2,162.809,31098
2015/3/3,159.501,42999
2015/3/4,159.019,40662
2015/3/5,158.545,36206
2015/3/6,157.873,25470
2015/3/9,158.329,43486
2015/3/10,161.327,29637
2015/3/11,161.775,40583
2015/3/12,164.876,38496
2015/3/13,162.447,25479
2015/3/16,161.095,31160
2015/3/17,167.883,45904
2015/3/18,168.425,39304
2015/3/19,167.168,33539
2015/3/20,164.428,51373
2015/3/23,166.427,40979
2015/3/24,165.479,60079
2015/3/25,165.445,42240
2015/3/26,165.393,67105
2015/3/27,166.211,40144.59
2015/3/30,166.341,63451
2015/3/31,167.133,88130
2015/4/1,167.529,76875
2015/4/2,166.151,62981
2015/4/3,166.065,51210
2015/4/7,168.666,59824
2015/4/8,173.654,135857
2015/4/9,171.466,62399
2015/4/10,171.949,102019
2015/4/13,171.371,91356
2015/4/14,175.696,81903
2015/4/15,175.868,55005
2015/4/16,179.029,86014
2015/4/17,196.645,192094
2015/4/20,197.266,130588
2015/4/21,206.741,122401
2015/4/22,221.48,134635
2015/4/23,217.923,86030
2015/4/24,211.057,100531
2015/4/27,217.931,78973
2015/4/28,212.814,87291
2015/4/29,211.996,59300
2015/4/30,213.417,64064
2015/5/4,215.373,54739
2015/5/5,206.638,73700
2015/5/6,206.75,60324
2015/5/7,208.947,68102
2015/5/8,211.824,57805
2015/5/11,215.356,61345
2015/5/12,217.078,47031
2015/5/13,217.509,58913
2015/5/14,216.406,41853
2015/5/15,208.128,54185
2015/5/18,206.827,35363
2015/5/19,206.914,47637
2015/5/20,214.753,63771
2015/5/21,218.81,47669
2015/5/22,223.617,66649
2015/5/25,231.723,67473
2015/5/26,244.609,60914
2015/5/27,235.168,46934
2015/5/28,224.056,60884
2015/5/29,223.875,57783
2015/6/1,223.797,65816
2015/6/2,224.538,64635
2015/6/3,223.978,46424
2015/6/4,206.741,92362
2015/6/5,211.91,85738
2015/6/8,215.183,96007
2015/6/9,220.955,77851
2015/6/10,218.629,80462
2015/6/11,222.049,52954
2015/6/12,224.831,90909
2015/6/15,224.039,100014
2015/6/16,217.509,69303
2015/6/17,214.494,58388
2015/6/18,207.258,61506
2015/6/19,201.59,67608
2015/6/23,201.685,81247
2015/6/24,213.331,95706
2015/6/25,215.536,66521
2015/6/26,202.693,99332
2015/6/29,196.232,165071
2015/6/30,211.91,126298
2015/7/1,216.2,103326
2015/7/2,211.057,118459
2015/7/3,208.636,109605
2015/7/6,206.311,272799
2015/7/7,206.311,167562
2015/7/8,189.306,289140
2015/7/9,200.711,138203
2015/7/10,217.044,256149
2015/7/13,216.217,148926
2015/7/14,212.944,96768
2015/7/15,209.567,104077
2015/7/16,213.857,72814
2015/7/17,216.72,56418
2015/7/20,214.56,67933
2015/7/21,212.149,51789
2015/7/22,208.851,70855
2015/7/23,208.07,64748
2015/7/24,210.944,57390
2015/7/27,193.827,76944
2015/7/28,190.433,86703
2015/7/29,194.917,66507
2015/7/30,197.781,41134
2015/7/31,195.756,40736
2015/8/3,195.756,54553
2015/8/4,201.792,59533
2015/8/5,199.555,43143
2015/8/6,195.756,39249
2015/8/7,198.263,39521
2015/8/10,197.81,56496
2015/8/11,202.516,50897
2015/8/12,201.301,45824
2015/8/13,198.649,35180
2015/8/14,201.783,30666
2015/8/17,196.72,53858
2015/8/18,193.2,51285
2015/8/19,191.108,50261
2015/8/20,187.945,39645
2015/8/21,179.478,75620
2015/8/24,162.198,89812
2015/8/25,160.269,123080
2015/8/26,168.755,91572
2015/8/27,178.292,87052
2015/8/28,180.452,89925
2015/8/31,178.572,62730
2015/9/1,181.291,87432
2015/9/2,182.448,106945
2015/9/7,181.918,32216
2015/9/8,178.398,33098
2015/9/9,183.355,35215
2015/9/10,182.39,26852
2015/9/11,184.232,16932
2015/9/14,181.195,86175
2015/9/15,188.157,51884
2015/9/16,190.674,37198
2015/9/17,190.558,26423
2015/9/18,190.934,15642
2015/9/21,190.934,16527
2015/9/22,191.879,16457
2015/9/23,187.173,22344
2015/9/24,185.92,13886
2015/9/25,182.738,24455
2015/9/28,182.477,12341
2015/9/29,181.58,18409
2015/9/30,183.384,11634
2015/10/8,189.97,34391
2015/10/9,189.488,15721
2015/10/12,190.79,49030
2015/10/13,191.021,15751
2015/10/14,189.98,15213
2015/10/15,190.51,16550
2015/10/16,192.294,19238
2015/10/19,194.695,26121
2015/10/20,194.001,14784
2015/10/21,189.98,22349
2015/10/22,192.313,23720
2015/10/23,198.215,56277
2015/10/26,200.577,43346
2015/10/27,204.994,22572
2015/10/28,204.338,16559
2015/10/29,204.435,13454
2015/10/30,204.55,12257
2015/11/2,204.917,15298
2015/11/3,200.963,23173
2015/11/4,202.612,30809
2015/11/5,205.881,49982
2015/11/6,207.868,21695
2015/11/9,211.185,40527
2015/11/10,211.339,28729
2015/11/11,210.799,23815
2015/11/12,211.551,16180
2015/11/13,207.164,28397
2015/11/16,204.435,23916
2015/11/17,205.534,21986
2015/11/18,205.968,19725
2015/11/19,206.267,15262
2015/11/20,205.495,22274
2015/11/23,204.927,20994
2015/11/24,202.506,20469
2015/11/25,202.892,24249
2015/11/26,204.271,18804
2015/11/27,199.256,16220
2015/11/30,200.375,33440
2015/12/1,203.47,18877
2015/12/2,204.435,47891
2015/12/3,208.967,22386
2015/12/4,207.337,20848
2015/12/7,205.592,19255
2015/12/8,203.914,17393
2015/12/9,203.953,14119
2015/12/10,204.425,13786
2015/12/11,202.988,13035
2015/12/14,201.542,20701
2015/12/15,204.512,15088
2015/12/16,205.004,20144
2015/12/17,206.363,24253
2015/12/18,207.434,28460
2015/12/21,210.221,59391
2015/12/22,215.312,28402
2015/12/23,214.753,22374
2015/12/24,215.235,15577
2015/12/25,214.926,11542
2015/12/28,211.185,25594
2015/12/29,210.712,15774
2015/12/30,209.758,20147
2015/12/31,210.047,19673
2016/1/4,202.496,17349
2016/1/5,200.105,31908
2016/1/6,201.831,23760
2016/1/7,192.892,8148
2016/1/8,192.863,44510
2016/1/11,192.284,29702
2016/1/12,189.006,40287
2016/1/13,191.513,29201
2016/1/14,188.533,34776
2016/1/15,190.934,26681
2016/1/18,190.163,27371
2016/1/19,192.873,59110
2016/1/20,193.837,40968
2016/1/21,192.766,21832
2016/1/22,191.715,22733
2016/1/25,194.309,13750
2016/1/26,191.416,22280
2016/1/27,188.716,29840
2016/1/28,188.639,17903
2016/1/29,189.97,23090
2016/2/1,192.757,19178
2016/2/2,193.48,17842
2016/2/3,194.309,15156
2016/2/4,196.277,16624
2016/2/5,195.303,14227
2016/2/15,192.477,19470
2016/2/16,193.403,19223
2016/2/17,193.355,20349
2016/2/18,193.924,18892
2016/2/19,193.953,14238
2016/2/22,198.649,27759
2016/2/23,199.632,37460
2016/2/24,203.48,33129
2016/2/25,204.56,39480
2016/2/26,203.721,28332
2016/2/29,199.42,47712
2016/3/1,202.892,34004
2016/3/2,210.867,47942
2016/3/3,213.75,40193
2016/3/4,216.98,85838
2016/3/7,222.805,39345
2016/3/8,218.899,26147
2016/3/9,218.032,16402
2016/3/10,219.864,25727
2016/3/11,217.453,16320
2016/3/14,214.271,45277
2016/3/15,216.334,36356
2016/3/16,216.971,24250
2016/3/17,220.153,28820
2016/3/18,217.723,70568
2016/3/21,218.562,38547
2016/3/22,223.239,41766
2016/3/23,224.377,21412
2016/3/24,223.046,62068
2016/3/25,232.419,44756
2016/3/28,236.238,48337
2016/3/29,235.717,36688
2016/3/30,236.72,27782
2016/3/31,238.176,19457
2016/4/1,235.813,25146
2016/4/5,234.328,25047
2016/4/6,237.029,48424
2016/4/7,243.605,25536
2016/4/8,239.343,23156
2016/4/11,234.811,119284
2016/4/12,233.461,23339
2016/4/13,233.075,54274
2016/4/14,232.4,28664
2016/4/15,232.593,19029
2016/4/18,233.846,18593
2016/4/19,232.834,14236
2016/4/20,227.385,33708
2016/4/21,229.796,29672
2016/4/22,231.792,35459
2016/4/25,234.618,24990
2016/4/26,234.328,15156
2016/4/27,234.801,13915
2016/4/28,235.293,17156
2016/4/29,238.562,46079
2016/5/3,241.609,56474
2016/5/4,246.855,28636
2016/5/5,246.382,13517
2016/5/6,242.159,27173
2016/5/9,240.124,27799
2016/5/10,240.22,33505
2016/5/11,243.345,49277
2016/5/12,243.007,18894
2016/5/13,241.561,28145
2016/5/16,238.475,22202
2016/5/17,240.915,11785
2016/5/18,234.425,28380
2016/5/19,235.775,20889
2016/5/20,235.601,25501
2016/5/23,240.809,18706
2016/5/24,241.175,11674
2016/5/25,242.053,17785
2016/5/26,240.307,18120
2016/5/27,242.409,13230
2016/5/30,241.079,29806
2016/5/31,246.093,53949
2016/6/1,253.615,21876
2016/6/2,253.624,24760
2016/6/3,256.893,64798
2016/6/6,265.187,37261
2016/6/7,265.196,18753
2016/6/8,263.74,23882
2016/6/13,256.749,37775
2016/6/14,258.157,25587
2016/6/15,260.567,27322
2016/6/16,264.01,19643
2016/6/17,263.836,24705
2016/6/20,264.222,19019
2016/6/21,263.258,16749
2016/6/22,263.036,20884
2016/6/23,265.071,13984
2016/6/24,257.665,20129
2016/6/27,265.187,63642
2016/6/28,276.103,24282
2016/6/29,274.058,28147
2016/6/30,279.671,38022
2016/7/1,279.768,26014
2016/7/4,281.739,29488
2016/7/5,290.634,41707
2016/7/6,294.555,47347
2016/7/7,307.43,50725
2016/7/8,301.598,45545
2016/7/11,304.426,57481
2016/7/12,310.307,53119
2016/7/13,310.356,53448
2016/7/14,310.504,29230
2016/7/15,310.366,26811
2016/7/18,310.957,23352
2016/7/19,300.997,41431
2016/7/20,302.918,17733
2016/7/21,304.396,33009
2016/7/22,302.8,28871
2016/7/25,302.426,23623
2016/7/26,303.903,35555
2016/7/27,303.706,39228
2016/7/28,306.859,39643
2016/7/29,308.336,29007
2016/8/1,300.456,31701
2016/8/2,298.338,26541
2016/8/3,299.618,24039
2016/8/4,299.687,21793
2016/8/5,300.485,20308
2016/8/8,298.544,22007
2016/8/9,301.854,39289
2016/8/10,308.661,20944
2016/8/11,309.331,31939
2016/8/12,309.331,23352
2016/8/15,309.469,34110
2016/8/16,303.411,88378
2016/8/17,301.933,43754
2016/8/18,300.584,31005
2016/8/19,300.259,19140
2016/8/22,301.441,20812
2016/8/23,301.244,19914
2016/8/24,299.303,22779
2016/8/25,295.599,25362
2016/8/26,295.924,21436
2016/8/29,300.653,38055
2016/8/30,300.13,21170
2016/8/31,300.988,40401
2016/9/1,303.657,17185
2016/9/2,300.337,18572
2016/9/5,301.253,19138
2016/9/6,303.756,20625
2016/9/7,300.948,29645
2016/9/8,299.874,16705
2016/9/9,299.47,16222
2016/9/12,293.333,38238
2016/9/13,294.84,16255
2016/9/14,293.57,18527
2016/9/19,295.412,12852
2016/9/20,289.619,34892
2016/9/21,284.802,39037
2016/9/22,289.629,29606
2016/9/23,290.999,12671
2016/9/26,284.251,37176
2016/9/27,284.458,17915
2016/9/28,283.275,22360
2016/9/29,283.561,23705
2016/9/30,285.679,29603
2016/10/10,294.062,21103
2016/10/11,298.485,41736
2016/10/12,300.357,19286
2016/10/13,298.988,16143
2016/10/14,298.682,12690
2016/10/17,297.008,18957
2016/10/18,297.5,30389
2016/10/19,300.554,14123
2016/10/20,300.259,14079
2016/10/21,298.081,11483
2016/10/24,298.091,26246
2016/10/25,302.81,43762
2016/10/26,307.006,46813
2016/10/27,306.376,32951
2016/10/28,309.321,20137
2016/10/31,312.08,43596
2016/11/1,310.848,19512
2016/11/2,309.006,20636
2016/11/3,309.469,18690
2016/11/4,309.302,20619
2016/11/7,308.533,16047
2016/11/8,310.976,34193
2016/11/9,309.124,30004
2016/11/10,312.996,17804
2016/11/11,310.11,35902
2016/11/14,305.371,39920
2016/11/15,305.411,24470
2016/11/16,307.351,13399
2016/11/17,305.903,18337
2016/11/18,305.263,19377
2016/11/21,303.775,26083
2016/11/22,303.775,26424
2016/11/23,304.504,34015
2016/11/24,306.78,39078
2016/11/25,308.75,22369
2016/11/28,311.883,49253
2016/11/29,314.651,58830
2016/11/30,313.705,26752
2016/12/1,313.932,27941
2016/12/2,314.247,30628
2016/12/5,311.114,42060
2016/12/6,311.518,38923
2016/12/7,319.143,25271
2016/12/8,322.128,54475
2016/12/9,329.043,34495
2016/12/12,320.847,50332
2016/12/13,320.65,41780
2016/12/14,323.605,32029
2016/12/15,320.729,39202
2016/12/16,318.759,25051
2016/12/19,320.758,30471
2016/12/20,317.015,30831
2016/12/21,318.739,24711
2016/12/22,320.039,14678
2016/12/23,314.375,31095
2016/12/26,311.489,26001
2016/12/27,318.68,20062
2016/12/28,318.512,17878
2016/12/29,318.187,21225
2016/12/30,321.744,34687
2017/1/3,327.851,20763
2017/1/4,329.615,65257
2017/1/5,340.293,41704
2017/1/6,340.943,68095
2017/1/9,341.377,35405
2017/1/10,341.436,31727
2017/1/11,338.382,23598
2017/1/12,339.377,17779
2017/1/13,338.756,18282
2017/1/16,333.752,36855
2017/1/17,336.904,35188
2017/1/18,342.037,46005
2017/1/19,346.46,28523
2017/1/20,347.77,21344
2017/1/23,344.253,32581
2017/1/24,341.583,26914
2017/1/25,341.042,22990
2017/1/26,336.215,37826
2017/2/3,339.86,20936
2017/2/6,339.82,15680
2017/2/7,338.027,20519
2017/2/8,337.564,19088
2017/2/9,339.475,23324
2017/2/10,339.86,24056
2017/2/13,336.825,53587
2017/2/14,343.898,26558
2017/2/15,342.027,26256
2017/2/16,340.362,17642
2017/2/17,342.322,29102
2017/2/20,344.795,61853
2017/2/21,351.858,27705
2017/2/22,354.636,37130
2017/2/23,354.4,23328
2017/2/24,354.685,17692
2017/2/27,351.484,25400
2017/2/28,348.312,27473
2017/3/1,349.711,21944
2017/3/2,349.248,22103
2017/3/3,349.711,14153
2017/3/6,351.237,22818
2017/3/7,352.695,46286
2017/3/8,360.054,16037
2017/3/9,360.113,23406
2017/3/10,362.871,40951
2017/3/13,362.054,27674
2017/3/14,362.852,20416
2017/3/15,363.512,25155
2017/3/16,367.245,25022
2017/3/17,367.541,34700
2017/3/20,373.235,31545
2017/3/21,380.741,48460
2017/3/22,379.264,45532
2017/3/23,380.84,34504
2017/3/24,379.264,33287
2017/3/27,372.752,53690
2017/3/28,371.048,41187
2017/3/29,374.24,37299
2017/3/30,376.899,31612
2017/3/31,378.456,24474
2017/4/5,379.264,40789
2017/4/6,380.869,28857
2017/4/7,383.795,24097
2017/4/10,382.219,28869
2017/4/11,374.929,43530
2017/4/12,379.067,27002
2017/4/13,384.691,45648
2017/4/14,389.115,23646
2017/4/17,382.761,28793
2017/4/18,388.721,49581
2017/4/19,396.857,37550
2017/4/20,400.039,50457
2017/4/21,394.04,49332
2017/4/24,383.204,50037
2017/4/25,398.769,76192
2017/4/26,406.856,56624
2017/4/27,404.315,28240
2017/4/28,403.793,49505
2017/5/2,403.083,23291
2017/5/3,404.876,20267
2017/5/4,408.452,26709
2017/5/5,408.915,37437
2017/5/8,398.69,40721
2017/5/9,392.07,52801
2017/5/10,400.955,26039
2017/5/11,400.453,30467
2017/5/12,403.901,22337
2017/5/15,406.965,33447
2017/5/16,412.028,50164
2017/5/17,418.549,27515
2017/5/18,418.677,24300
2017/5/19,423.169,38310
2017/5/22,429.701,35321
2017/5/23,435.661,48454
2017/5/24,439.355,40226
2017/5/25,440.832,28898
2017/5/26,441.325,27386
2017/5/31,433.552,44312
2017/6/1,434.439,40604
2017/6/2,438.961,21785
2017/6/5,435.759,19241
2017/6/6,437.581,20402
2017/6/7,442.428,38834
2017/6/8,451.668,28951
2017/6/9,456.101,31430
2017/6/12,458.072,35109
2017/6/13,460.042,24237
2017/6/14,463.47,33768
2017/6/15,457.086,50202
2017/6/16,454.387,33331
2017/6/19,455.077,38536
2017/6/20,458.722,34505
2017/6/21,459.086,42038
2017/6/22,464.179,38242
2017/6/23,461.352,31303
2017/6/26,464.967,52932
2017/6/27,473.685,27980
2017/6/28,465.952,37728
2017/6/29,462.997,35092
2017/6/30,460.83,22427
2017/7/3,451.077,49628
2017/7/4,442.31,56488
2017/7/5,446.26,37540
2017/7/6,443.886,42044
2017/7/7,441.2,37796
2017/7/10,442.97,36624
2017/7/11,454,44601
2017/7/12,455,28950
2017/7/13,453.68,25951
2017/7/14,453.05,17726
2017/7/17,446.28,35263
2017/7/18,448,30684
2017/7/19,452.8,56259
2017/7/20,455.86,46634
2017/7/21,463.66,46792
2017/7/24,474.88,42716
2017/7/25,476.1,21929
2017/7/26,466.56,31470
2017/7/27,471.1,19595
2017/7/28,467.71,46618
2017/7/31,481,38412
2017/8/1,477.4,27501
2017/8/2,478.51,26774
2017/8/3,475.63,31768
2017/8/4,472.6,18681
2017/8/7,471.13,23099
2017/8/8,479.5,16051
2017/8/9,482.03,41794
2017/8/10,489,35364
2017/8/11,483.48,36572
2017/8/14,485.21,39331
2017/8/15,495.01,27163
2017/8/16,493,18587
2017/8/17,489.8,25846
2017/8/18,488,23857
2017/8/21,486.94,23546
2017/8/22,476,42457
2017/8/23,484.32,27214
2017/8/24,492.02,18156
2017/8/25,489.32,17297
2017/8/28,491.03,29021
2017/8/29,488.01,25176
2017/8/30,489.16,18503
2017/8/31,489.8,18736
2017/9/1,490.03,31451
2017/9/4,491.27,18931
2017/9/5,489.5,22622
2017/9/6,484.84,33006
2017/9/7,480.06,33320
2017/9/8,474,41173
2017/9/11,469.98,45374
2017/9/12,478.4,34341
2017/9/13,481.38,33075
2017/9/14,488.99,19399
2017/9/15,488,16039
2017/9/18,490.14,42206
2017/9/19,496.01,23054
2017/9/20,496,17318
2017/9/21,492.88,19402
2017/9/22,495.8,16343
2017/9/25,500.3,32697
2017/9/26,503.6,25470
2017/9/27,506.07,16671
2017/9/28,507.15,25969
2017/9/29,515.5,22436
2017/10/9,520.1,34891
2017/10/10,527.01,31006
2017/10/11,538.1,33406
2017/10/12,540.18,19646
2017/10/13,542.01,27858
2017/10/16,555.87,29909
2017/10/17,554,20977
2017/10/18,554.2,19178
2017/10/19,560.72,40658
2017/10/20,571.76,31534
2017/10/23,568,23771
2017/10/24,563.61,31274
2017/10/25,562.06,25076
2017/10/26,591.91,115434
2017/10/27,600.03,84383
2017/10/30,621,81007
2017/10/31,611.88,51875
2017/11/1,619.22,43435
2017/11/2,621,34249
2017/11/3,628.65,48188
2017/11/6,640.2,48513
2017/11/7,638.18,55564
2017/11/8,642.33,43951
2017/11/9,644.61,33641
2017/11/10,650.43,74078
2017/11/13,675.8,49869
2017/11/14,677.35,46366
2017/11/15,674,45036
2017/11/16,686.01,60716
2017/11/17,677.77,123861
2017/11/20,660,88305
2017/11/21,662.02,96016
2017/11/22,650,128498
2017/11/23,630.22,109599
2017/11/24,622.23,76541
2017/11/27,613.01,63548
2017/11/28,624,70291
2017/11/29,634.01,46763
2017/11/30,626,38019
2017/12/1,620.13,47192
2017/12/4,616.72,54267
2017/12/5,630.13,47465
2017/12/6,620,58174
2017/12/7,615.26,51032
2017/12/8,615.42,45503
2017/12/11,631,72849
2017/12/12,651.02,47889
2017/12/13,650.72,48502
2017/12/14,660.5,31967
2017/12/15,650.78,32255
总计,453756.676,100848713.8
